-- MySQL dump 10.13  Distrib 5.5.32, for debian-linux-gnu (x86_64)
--
-- Host: localhost    Database: canteen
-- ------------------------------------------------------
-- Server version	5.5.32-0ubuntu7

/*!40101 SET @OLD_CHARACTER_SET_CLIENT=@@CHARACTER_SET_CLIENT */;
/*!40101 SET @OLD_CHARACTER_SET_RESULTS=@@CHARACTER_SET_RESULTS */;
/*!40101 SET @OLD_COLLATION_CONNECTION=@@COLLATION_CONNECTION */;
/*!40101 SET NAMES utf8 */;
/*!40103 SET @OLD_TIME_ZONE=@@TIME_ZONE */;
/*!40103 SET TIME_ZONE='+00:00' */;
/*!40014 SET @OLD_UNIQUE_CHECKS=@@UNIQUE_CHECKS, UNIQUE_CHECKS=0 */;
/*!40014 SET @OLD_FOREIGN_KEY_CHECKS=@@FOREIGN_KEY_CHECKS, FOREIGN_KEY_CHECKS=0 */;
/*!40101 SET @OLD_SQL_MODE=@@SQL_MODE, SQL_MODE='NO_AUTO_VALUE_ON_ZERO' */;
/*!40111 SET @OLD_SQL_NOTES=@@SQL_NOTES, SQL_NOTES=0 */;

--
-- Table structure for table `Items`
--

DROP TABLE IF EXISTS `Items`;
/*!40101 SET @saved_cs_client     = @@character_set_client */;
/*!40101 SET character_set_client = utf8 */;
CREATE TABLE `Items` (
  `ID` int(11) NOT NULL AUTO_INCREMENT,
  `Name` varchar(200) DEFAULT NULL,
  `Category` varchar(100) DEFAULT NULL,
  PRIMARY KEY (`ID`)
) ENGINE=InnoDB AUTO_INCREMENT=15 DEFAULT CHARSET=latin1;
/*!40101 SET character_set_client = @saved_cs_client */;

--
-- Dumping data for table `Items`
--

LOCK TABLES `Items` WRITE;
/*!40000 ALTER TABLE `Items` DISABLE KEYS */;
INSERT INTO `Items` VALUES (1,'Coffee','Beverage'),(2,'Cocoa','Beverage'),(3,'Hot Tea','Beverage'),(4,'Cold Drinks','Beverage'),(5,'Water','Beverage'),(6,'Donuts','Food'),(7,'Cookies','Food'),(8,'Sandwiches','Food'),(9,'Hot Dogs','Food'),(10,'Gloves','Clothing'),(11,'Blankets','Clothing'),(12,'Snacks','Food'),(13,'Misc','Clothing'),(14,'Hand Warmers','Clothing');
/*!40000 ALTER TABLE `Items` ENABLE KEYS */;
UNLOCK TABLES;

--
-- Table structure for table `LinkReportItem`
--

DROP TABLE IF EXISTS `LinkReportItem`;
/*!40101 SET @saved_cs_client     = @@character_set_client */;
/*!40101 SET character_set_client = utf8 */;
CREATE TABLE `LinkReportItem` (
  `ID` int(11) NOT NULL AUTO_INCREMENT,
  `ReportID` int(11) NOT NULL,
  `ItemID` int(11) NOT NULL,
  `Quantity` int(11) NOT NULL,
  `ServingSize` varchar(100) DEFAULT NULL,
  PRIMARY KEY (`ID`),
  KEY `ReportID` (`ReportID`),
  KEY `ItemID` (`ItemID`),
  CONSTRAINT `LinkReportItem_ibfk_1` FOREIGN KEY (`ReportID`) REFERENCES `Reports` (`ID`),
  CONSTRAINT `LinkReportItem_ibfk_2` FOREIGN KEY (`ItemID`) REFERENCES `Items` (`ID`)
) ENGINE=InnoDB AUTO_INCREMENT=811 DEFAULT CHARSET=latin1;
/*!40101 SET character_set_client = @saved_cs_client */;

--
-- Dumping data for table `LinkReportItem`
--

LOCK TABLES `LinkReportItem` WRITE;
/*!40000 ALTER TABLE `LinkReportItem` DISABLE KEYS */;
INSERT INTO `LinkReportItem` VALUES (1,1,1,100,NULL),(2,1,2,100,NULL),(3,3,2,42,NULL),(347,496,1,4,'gallon'),(348,496,2,2,NULL),(349,496,3,4,'gallon'),(350,496,5,2,NULL),(351,496,6,3,'gallon'),(352,496,7,1,'pot'),(353,496,8,3,'gallon'),(354,496,12,1,NULL),(363,495,1,5,'gallon'),(364,495,2,2,NULL),(365,495,3,4,'gallon'),(366,495,5,2,NULL),(367,495,6,3,'gallon'),(368,495,7,5,'pot'),(369,495,8,3,'gallon'),(370,495,12,1,NULL),(374,502,2,3,NULL),(375,501,2,3,NULL),(624,508,1,4,'gallon'),(625,508,2,1,NULL),(626,508,4,14,'gallon'),(627,508,7,4,'pot'),(628,508,8,3,'gallon'),(629,508,11,9,NULL),(675,512,1,6,'gallon'),(676,512,2,14,NULL),(677,512,3,3,'gallon'),(678,512,4,6,'gallon'),(679,512,5,2,NULL),(768,513,1,2,'gallon'),(769,513,2,1,NULL),(770,513,3,2,'gallon'),(771,513,4,2,'gallon'),(772,513,5,5,NULL),(775,518,2,2,NULL),(778,517,2,2,NULL),(779,517,3,4,'gallon'),(782,545,1,5,'gallon'),(783,545,2,3,NULL),(788,554,1,5,'gallon'),(789,553,1,5,'gallon'),(794,556,1,7,'gallon'),(795,556,2,1,NULL),(798,555,1,7,'gallon'),(799,555,2,1,NULL),(800,570,1,2,'gallon'),(810,289,5,20,NULL);
/*!40000 ALTER TABLE `LinkReportItem` ENABLE KEYS */;
UNLOCK TABLES;

--
-- Table structure for table `ReportMembers`
--

DROP TABLE IF EXISTS `ReportMembers`;
/*!40101 SET @saved_cs_client     = @@character_set_client */;
/*!40101 SET character_set_client = utf8 */;
CREATE TABLE `ReportMembers` (
  `ID` int(11) NOT NULL AUTO_INCREMENT,
  `ReportID` int(11) DEFAULT NULL,
  `Name` varchar(1000) DEFAULT NULL,
  PRIMARY KEY (`ID`),
  KEY `ReportID` (`ReportID`),
  CONSTRAINT `ReportMembers_ibfk_1` FOREIGN KEY (`ReportID`) REFERENCES `Reports` (`ID`)
) ENGINE=InnoDB AUTO_INCREMENT=448 DEFAULT CHARSET=latin1;
/*!40101 SET character_set_client = @saved_cs_client */;

--
-- Dumping data for table `ReportMembers`
--

LOCK TABLES `ReportMembers` WRITE;
/*!40000 ALTER TABLE `ReportMembers` DISABLE KEYS */;
INSERT INTO `ReportMembers` VALUES (11,47,'sdfhfh'),(12,57,''),(13,57,''),(14,57,''),(15,57,''),(16,58,''),(17,58,''),(18,58,''),(19,58,''),(20,59,''),(21,59,''),(22,59,''),(23,59,''),(24,60,''),(25,60,''),(26,60,''),(27,60,''),(28,61,''),(29,61,''),(30,61,''),(31,61,''),(32,139,''),(33,140,''),(34,141,''),(35,142,''),(36,143,''),(37,144,''),(38,145,''),(39,146,''),(40,147,'F'),(41,148,'Fg'),(42,149,'Fgh'),(43,150,'Fghj'),(44,151,'Fghjt'),(45,152,'Fghjtd'),(46,153,'They\'re'),(47,154,'They\'re'),(48,155,'They\'re'),(49,156,'They\'re'),(50,157,'They\'re'),(51,158,'They\'re'),(52,159,'They\'re'),(53,160,'They\'re'),(54,161,'They\'re'),(55,162,'They\'re'),(56,163,'They\'re'),(57,164,'They\'re'),(58,165,'They\'re'),(59,166,'They\'re'),(60,167,'They\'re'),(61,168,'They\'re'),(62,169,'They\'re'),(63,170,'They\'re'),(67,273,'w'),(68,243,'world'),(73,458,''),(75,471,''),(85,496,''),(87,495,''),(88,497,''),(89,494,''),(90,499,''),(96,498,''),(97,502,''),(98,501,''),(110,504,''),(244,509,''),(268,508,'Eric miller'),(407,512,'Dopey'),(408,512,'Sneezy'),(409,512,'Doc'),(410,512,'Happy'),(411,512,'Grumpy'),(412,512,'Bashful'),(418,518,''),(421,517,''),(422,521,''),(424,520,''),(425,524,''),(426,526,''),(427,529,''),(428,531,''),(430,536,''),(431,537,''),(433,538,''),(436,535,''),(437,539,''),(438,540,''),(439,542,''),(440,541,''),(441,543,''),(442,544,''),(443,544,''),(444,546,''),(447,545,'');
/*!40000 ALTER TABLE `ReportMembers` ENABLE KEYS */;
UNLOCK TABLES;

--
-- Table structure for table `Reports`
--

DROP TABLE IF EXISTS `Reports`;
/*!40101 SET @saved_cs_client     = @@character_set_client */;
/*!40101 SET character_set_client = utf8 */;
CREATE TABLE `Reports` (
  `ID` int(11) NOT NULL AUTO_INCREMENT,
  `incident_start` datetime DEFAULT NULL,
  `incident_location` varchar(500) DEFAULT NULL,
  `incident_route` varchar(500) DEFAULT NULL,
  `team_driver` varchar(500) DEFAULT NULL,
  `team_refferal_name` varchar(500) DEFAULT NULL,
  `team_refferal_title` varchar(500) DEFAULT NULL,
  `services_counseling_administer` varchar(1000) DEFAULT NULL,
  `services_counseling_reason` varchar(1000) DEFAULT NULL,
  `services_counseling_individual` varchar(1000) DEFAULT NULL,
  `services_counseling_phone_number` varchar(1000) DEFAULT NULL,
  `end_time` varchar(1000) DEFAULT NULL,
  `end_total_mileage` varchar(1000) DEFAULT NULL,
  `end_route_time` varchar(1000) DEFAULT NULL,
  `incident_unit_number` varchar(100) DEFAULT NULL,
  `LastUpdate` datetime DEFAULT NULL,
  `notes` varchar(5000) DEFAULT NULL,
  `team_member` varchar(1000) DEFAULT NULL,
  `incident_type_fire` varchar(100) DEFAULT NULL,
  `incident_other` varchar(1000) DEFAULT NULL,
  `incident_type_hazmat` varchar(100) DEFAULT NULL,
  `incident_type_maintenence` varchar(100) DEFAULT NULL,
  `incident_type_flood` varchar(100) DEFAULT NULL,
  `incident_type_special_event` varchar(100) DEFAULT NULL,
  `incident_type_other` varchar(100) DEFAULT NULL,
  `end_water_level` varchar(1000) DEFAULT NULL,
  `end_fuel_level` varchar(1000) DEFAULT NULL,
  `finished` varchar(100) DEFAULT NULL,
  PRIMARY KEY (`ID`)
) ENGINE=InnoDB AUTO_INCREMENT=577 DEFAULT CHARSET=latin1;
/*!40101 SET character_set_client = @saved_cs_client */;

--
-- Dumping data for table `Reports`
--

LOCK TABLES `Reports` WRITE;
/*!40000 ALTER TABLE `Reports` DISABLE KEYS */;
INSERT INTO `Reports` VALUES (1,'2014-02-23 00:00:00',NULL,NULL,NULL,NULL,NULL,NULL,NULL,NULL,NULL,NULL,NULL,NULL,NULL,NULL,NULL,NULL,NULL,NULL,NULL,NULL,NULL,NULL,NULL,NULL,NULL,NULL),(2,'2014-01-10 00:00:00',NULL,NULL,NULL,NULL,NULL,NULL,NULL,NULL,NULL,NULL,NULL,NULL,NULL,NULL,NULL,NULL,NULL,NULL,NULL,NULL,NULL,NULL,NULL,NULL,NULL,NULL),(3,'2014-01-10 00:00:00',NULL,NULL,NULL,NULL,NULL,NULL,NULL,NULL,NULL,NULL,NULL,NULL,'JJP',NULL,NULL,NULL,NULL,NULL,NULL,NULL,NULL,NULL,NULL,NULL,NULL,NULL),(4,'2014-01-10 00:00:00','South Side','','Joshua Petry','','',NULL,NULL,NULL,NULL,NULL,NULL,NULL,NULL,NULL,NULL,NULL,NULL,NULL,NULL,NULL,NULL,NULL,NULL,NULL,NULL,NULL),(5,'2014-02-22 15:35:00','South Side','','Joshua Petry','','',NULL,NULL,NULL,NULL,NULL,NULL,NULL,NULL,NULL,NULL,NULL,NULL,NULL,NULL,NULL,NULL,NULL,NULL,NULL,NULL,NULL),(6,'2014-02-22 15:35:00','South Side','','Joshua Petry','','',NULL,NULL,NULL,NULL,NULL,NULL,NULL,NULL,NULL,NULL,NULL,NULL,NULL,NULL,NULL,NULL,NULL,NULL,NULL,NULL,NULL),(7,'2014-02-22 15:35:00','South Side','','Joshua Petry','','',NULL,NULL,NULL,NULL,NULL,NULL,NULL,NULL,NULL,NULL,NULL,NULL,NULL,NULL,NULL,NULL,NULL,NULL,NULL,NULL,NULL),(8,'2014-02-22 15:35:00','South Side','','Joshua Petry','','',NULL,NULL,NULL,NULL,NULL,NULL,NULL,NULL,NULL,NULL,NULL,NULL,NULL,NULL,NULL,NULL,NULL,NULL,NULL,NULL,NULL),(9,'2014-02-22 15:35:00','South Side','','Joshua Petry','','',NULL,NULL,NULL,NULL,NULL,NULL,NULL,NULL,NULL,NULL,NULL,NULL,NULL,NULL,NULL,NULL,NULL,NULL,NULL,NULL,NULL),(10,'2014-02-22 15:35:00','South Side','','Joshua Petry','','',NULL,NULL,NULL,NULL,NULL,NULL,NULL,NULL,NULL,NULL,NULL,NULL,NULL,NULL,NULL,NULL,NULL,NULL,NULL,NULL,NULL),(11,'2014-02-22 15:35:00','South Side','','Joshua Petry','','',NULL,NULL,NULL,NULL,NULL,NULL,NULL,NULL,NULL,NULL,NULL,NULL,NULL,NULL,NULL,NULL,NULL,NULL,NULL,NULL,NULL),(12,'2014-02-22 15:35:00','South Side','','Joshua Petry','','',NULL,NULL,NULL,NULL,NULL,NULL,NULL,NULL,NULL,NULL,NULL,NULL,NULL,NULL,NULL,NULL,NULL,NULL,NULL,NULL,NULL),(13,'2014-02-22 15:35:00','South Side','','Joshua Petry','','',NULL,NULL,NULL,NULL,NULL,NULL,NULL,NULL,NULL,NULL,NULL,NULL,NULL,NULL,NULL,NULL,NULL,NULL,NULL,NULL,NULL),(14,'2014-02-22 15:35:00','South Side','','Joshua Petry','','',NULL,NULL,NULL,NULL,NULL,NULL,NULL,NULL,NULL,NULL,NULL,NULL,NULL,NULL,NULL,NULL,NULL,NULL,NULL,NULL,NULL),(15,'2014-02-22 15:35:00','South Side','','Joshua Petry','','',NULL,NULL,NULL,NULL,NULL,NULL,NULL,NULL,NULL,NULL,NULL,NULL,NULL,NULL,NULL,NULL,NULL,NULL,NULL,NULL,NULL),(16,'2014-02-22 15:35:00','South Side','','Joshua Petry','','',NULL,NULL,NULL,NULL,NULL,NULL,NULL,NULL,NULL,NULL,NULL,NULL,NULL,NULL,NULL,NULL,NULL,NULL,NULL,NULL,NULL),(17,'2014-02-22 15:35:00','South Side','','Joshua Petry','','',NULL,NULL,NULL,NULL,NULL,NULL,NULL,NULL,NULL,NULL,NULL,NULL,NULL,NULL,NULL,NULL,NULL,NULL,NULL,NULL,NULL),(18,'2014-02-22 15:35:00','South Side','','Joshua Petry','','',NULL,NULL,NULL,NULL,NULL,NULL,NULL,NULL,NULL,NULL,NULL,NULL,NULL,NULL,NULL,NULL,NULL,NULL,NULL,NULL,NULL),(19,'2014-02-22 15:35:00','South Side','','Joshua Petry','','',NULL,NULL,NULL,NULL,NULL,NULL,NULL,NULL,NULL,NULL,NULL,NULL,NULL,NULL,NULL,NULL,NULL,NULL,NULL,NULL,NULL),(20,'2014-02-22 15:35:00','South Side','','Joshua Petry','','',NULL,NULL,NULL,NULL,NULL,NULL,NULL,NULL,NULL,NULL,NULL,NULL,NULL,NULL,NULL,NULL,NULL,NULL,NULL,NULL,NULL),(21,'2014-02-22 15:35:00','South Side','','Joshua Petry','','',NULL,NULL,NULL,NULL,NULL,NULL,NULL,NULL,NULL,NULL,NULL,NULL,NULL,NULL,NULL,NULL,NULL,NULL,NULL,NULL,NULL),(22,'2014-02-22 15:35:00','South Side','','Joshua Petry','','',NULL,NULL,NULL,NULL,NULL,NULL,NULL,NULL,NULL,NULL,NULL,NULL,NULL,NULL,NULL,NULL,NULL,NULL,NULL,NULL,NULL),(23,'2014-02-22 15:35:00','South Side','','Joshua Petry','','',NULL,NULL,NULL,NULL,NULL,NULL,NULL,NULL,NULL,NULL,NULL,NULL,NULL,NULL,NULL,NULL,NULL,NULL,NULL,NULL,NULL),(24,'2014-02-22 15:35:00','South Side','','Joshua Petry','','',NULL,NULL,NULL,NULL,NULL,NULL,NULL,NULL,NULL,NULL,NULL,NULL,NULL,NULL,NULL,NULL,NULL,NULL,NULL,NULL,NULL),(25,'2014-02-22 15:35:00','South Side','','Joshua Petry','','',NULL,NULL,NULL,NULL,NULL,NULL,NULL,NULL,NULL,NULL,NULL,NULL,NULL,NULL,NULL,NULL,NULL,NULL,NULL,NULL,NULL),(26,'2014-02-22 15:35:00','South Side','','Joshua Petry','','',NULL,NULL,NULL,NULL,NULL,NULL,NULL,NULL,NULL,NULL,NULL,NULL,NULL,NULL,NULL,NULL,NULL,NULL,NULL,NULL,NULL),(27,'2014-02-22 15:35:00','South Side','','Joshua Petry','','',NULL,NULL,NULL,NULL,NULL,NULL,NULL,NULL,NULL,NULL,NULL,NULL,NULL,NULL,NULL,NULL,NULL,NULL,NULL,NULL,NULL),(28,'2014-02-22 15:35:00','South Side','','Joshua Petry','','',NULL,NULL,NULL,NULL,NULL,NULL,NULL,NULL,NULL,NULL,NULL,NULL,NULL,NULL,NULL,NULL,NULL,NULL,NULL,NULL,NULL),(29,'2014-02-22 15:35:00','South Side','','Joshua Petry','','',NULL,NULL,NULL,NULL,NULL,NULL,NULL,NULL,NULL,NULL,NULL,NULL,NULL,NULL,NULL,NULL,NULL,NULL,NULL,NULL,NULL),(30,'2014-02-22 15:35:00','South Side','','Joshua Petry','','',NULL,NULL,NULL,NULL,NULL,NULL,NULL,NULL,NULL,NULL,NULL,NULL,NULL,NULL,NULL,NULL,NULL,NULL,NULL,NULL,NULL),(31,'2014-02-22 15:35:00','South Side','','Joshua Petry','','',NULL,NULL,NULL,NULL,NULL,NULL,NULL,NULL,NULL,NULL,NULL,NULL,NULL,NULL,NULL,NULL,NULL,NULL,NULL,NULL,NULL),(32,'2014-02-22 15:35:00','South Side','','Joshua Petry','','',NULL,NULL,NULL,NULL,NULL,NULL,NULL,NULL,NULL,NULL,NULL,NULL,NULL,NULL,NULL,NULL,NULL,NULL,NULL,NULL,NULL),(33,'2014-02-22 15:35:00','South Side','','Joshua Petry','','',NULL,NULL,NULL,NULL,NULL,NULL,NULL,NULL,NULL,NULL,NULL,NULL,NULL,NULL,NULL,NULL,NULL,NULL,NULL,NULL,NULL),(34,'2014-02-22 15:35:00','South Side','','Joshua Petry','','',NULL,NULL,NULL,NULL,NULL,NULL,NULL,NULL,NULL,NULL,NULL,NULL,NULL,NULL,NULL,NULL,NULL,NULL,NULL,NULL,NULL),(35,'2014-02-22 15:35:00','South Side','','Joshua Petry','','',NULL,NULL,NULL,NULL,NULL,NULL,NULL,NULL,NULL,NULL,NULL,NULL,NULL,NULL,NULL,NULL,NULL,NULL,NULL,NULL,NULL),(36,'2014-02-22 15:35:00','South Side','','Joshua Petry','','',NULL,NULL,NULL,NULL,NULL,NULL,NULL,NULL,NULL,NULL,NULL,NULL,NULL,NULL,NULL,NULL,NULL,NULL,NULL,NULL,NULL),(37,'2014-02-22 15:35:00','South Side','','Joshua Petry','','',NULL,NULL,NULL,NULL,NULL,NULL,NULL,NULL,NULL,NULL,NULL,NULL,NULL,NULL,NULL,NULL,NULL,NULL,NULL,NULL,NULL),(38,'2014-02-22 15:35:00','South Side','','Joshua Petry','','',NULL,NULL,NULL,NULL,NULL,NULL,NULL,NULL,NULL,NULL,NULL,NULL,NULL,NULL,NULL,NULL,NULL,NULL,NULL,NULL,NULL),(39,'2014-02-22 15:35:00','South Side','','Joshua Petry','','',NULL,NULL,NULL,NULL,NULL,NULL,NULL,NULL,NULL,NULL,NULL,NULL,NULL,NULL,NULL,NULL,NULL,NULL,NULL,NULL,NULL),(40,'2014-02-22 15:35:00','South Side','','Joshua Petry','','',NULL,NULL,NULL,NULL,NULL,NULL,NULL,NULL,NULL,NULL,NULL,NULL,NULL,NULL,NULL,NULL,NULL,NULL,NULL,NULL,NULL),(41,'2014-02-22 15:35:00','South Side','','Joshua Petry','','',NULL,NULL,NULL,NULL,NULL,NULL,NULL,NULL,NULL,NULL,NULL,NULL,NULL,NULL,NULL,NULL,NULL,NULL,NULL,NULL,NULL),(42,'2014-02-22 15:35:00','South Side','','Joshua Petry','','',NULL,NULL,NULL,NULL,NULL,NULL,NULL,NULL,NULL,NULL,NULL,NULL,NULL,NULL,NULL,NULL,NULL,NULL,NULL,NULL,NULL),(43,'2014-02-22 15:35:00','South Side','','Joshua Petry','','',NULL,NULL,NULL,NULL,NULL,NULL,NULL,NULL,NULL,NULL,NULL,NULL,NULL,NULL,NULL,NULL,NULL,NULL,NULL,NULL,NULL),(44,'2014-02-22 15:35:00','South Side','','Joshua Petry','','',NULL,NULL,NULL,NULL,NULL,NULL,NULL,NULL,NULL,NULL,NULL,NULL,NULL,NULL,NULL,NULL,NULL,NULL,NULL,NULL,NULL),(45,NULL,NULL,NULL,NULL,NULL,NULL,NULL,NULL,NULL,NULL,NULL,NULL,NULL,NULL,'2014-02-22 19:49:45',NULL,NULL,NULL,NULL,NULL,NULL,NULL,NULL,NULL,NULL,NULL,NULL),(46,NULL,NULL,NULL,NULL,NULL,NULL,NULL,NULL,NULL,NULL,NULL,NULL,NULL,NULL,'2014-02-22 19:49:47',NULL,NULL,NULL,NULL,NULL,NULL,NULL,NULL,NULL,NULL,NULL,NULL),(47,'0000-00-00 00:00:00','','','','','','','','','','','','','jjjjj','2014-02-22 20:01:14','','sdf','on',NULL,'on','on','on','on','on',NULL,NULL,NULL),(48,NULL,NULL,NULL,NULL,NULL,NULL,NULL,NULL,NULL,NULL,NULL,NULL,NULL,NULL,'2014-02-22 20:04:22',NULL,NULL,NULL,NULL,NULL,NULL,NULL,NULL,NULL,NULL,NULL,NULL),(49,NULL,NULL,NULL,NULL,NULL,NULL,NULL,NULL,NULL,NULL,NULL,NULL,NULL,NULL,'2014-02-22 20:05:17',NULL,NULL,NULL,NULL,NULL,NULL,NULL,NULL,NULL,NULL,NULL,NULL),(50,'0000-00-00 00:00:00','','','','','','','','','','','','','jjj','2014-02-22 20:28:01','','',NULL,'',NULL,NULL,NULL,NULL,NULL,NULL,NULL,NULL),(51,'0000-00-00 00:00:00','','','','','','','','','','','','','jjjjjjjjjjj','2014-02-22 20:28:35','','',NULL,'',NULL,NULL,NULL,NULL,NULL,NULL,NULL,NULL),(52,'0000-00-00 00:00:00','','','','','','','','','','','','','asd','2014-02-22 20:33:00','','',NULL,'',NULL,NULL,NULL,NULL,NULL,NULL,NULL,NULL),(53,'0000-00-00 00:00:00','','','','','','','','','','','','','asd','2014-02-22 20:33:17','','',NULL,'',NULL,NULL,NULL,NULL,NULL,NULL,NULL,NULL),(54,'0000-00-00 00:00:00','','','','','','','','','','','','','asd','2014-02-22 20:34:15','','',NULL,'',NULL,NULL,NULL,NULL,NULL,NULL,NULL,NULL),(55,'0000-00-00 00:00:00','','','','','','','','','','','','','',NULL,'','',NULL,NULL,NULL,NULL,NULL,NULL,NULL,'','',NULL),(56,'0000-00-00 00:00:00','','','','','','','','','','','','','',NULL,'','',NULL,NULL,NULL,NULL,NULL,NULL,NULL,'','',NULL),(57,'0000-00-00 00:00:00','','','','','','','','','','','','','',NULL,'','',NULL,NULL,NULL,NULL,NULL,NULL,NULL,'','',NULL),(58,'0000-00-00 00:00:00','','','','','','','','','','','','','',NULL,'','',NULL,NULL,NULL,NULL,NULL,NULL,NULL,'','',NULL),(59,'0000-00-00 00:00:00','','','','','','','','','','','','','',NULL,'',NULL,NULL,NULL,NULL,NULL,NULL,NULL,NULL,'','',NULL),(60,'0000-00-00 00:00:00','','','','','','','','','','','','','',NULL,'',NULL,NULL,NULL,NULL,NULL,NULL,NULL,NULL,'','',NULL),(61,'0000-00-00 00:00:00','','','','','','','','','','','','','',NULL,'',NULL,NULL,NULL,NULL,NULL,NULL,NULL,NULL,'','',NULL),(62,'0000-00-00 00:00:00','','','','','','','','','','','','','',NULL,'','',NULL,NULL,NULL,NULL,NULL,NULL,NULL,'','',NULL),(63,'0000-00-00 00:00:00','','','','','','','','','','','','','',NULL,'','',NULL,NULL,NULL,NULL,NULL,NULL,NULL,'','',NULL),(64,'0000-00-00 00:00:00','','','','','','','','','','','','','',NULL,'','',NULL,NULL,NULL,NULL,NULL,NULL,NULL,'','',NULL),(65,'0000-00-00 00:00:00','','','','','','','','','','','','','',NULL,'','',NULL,NULL,NULL,NULL,NULL,NULL,NULL,'','',NULL),(66,'0000-00-00 00:00:00','','','','','','','','','','','','','',NULL,'','',NULL,NULL,NULL,NULL,NULL,NULL,NULL,'','',NULL),(67,'0000-00-00 00:00:00','','','','','','','','','','','','','',NULL,'','',NULL,NULL,NULL,NULL,NULL,NULL,NULL,'','',NULL),(68,'0000-00-00 00:00:00','','','','','','','','','','','','','',NULL,'','',NULL,NULL,NULL,NULL,NULL,NULL,NULL,'','',NULL),(69,'0000-00-00 00:00:00','','','','','','','','','','','','','',NULL,'','',NULL,NULL,NULL,NULL,NULL,NULL,NULL,'','',NULL),(70,'0000-00-00 00:00:00','','','','','','','','','','','','','',NULL,'','',NULL,NULL,NULL,NULL,NULL,NULL,NULL,'','',NULL),(71,'0000-00-00 00:00:00','','','','','','','','','','','','','',NULL,'','',NULL,NULL,NULL,NULL,NULL,NULL,NULL,'','',NULL),(72,'2014-02-24 21:40:58','','','','','','','','','','','','','',NULL,'','',NULL,NULL,NULL,NULL,NULL,NULL,NULL,'100','0',NULL),(73,'2014-02-24 21:40:58','','','','','','','','','','','','','',NULL,'','',NULL,NULL,NULL,NULL,'on','on',NULL,'100','0',NULL),(74,'0000-00-00 00:00:00','','','','','','','','','','','','','',NULL,'','',NULL,NULL,NULL,NULL,NULL,NULL,NULL,'','',NULL),(75,'0000-00-00 00:00:00','','','','','','','','','','','','','',NULL,'','',NULL,NULL,NULL,NULL,NULL,NULL,NULL,'','',NULL),(76,'0000-00-00 00:00:00','','','','','','','','','','','','','',NULL,'','',NULL,NULL,NULL,NULL,NULL,NULL,NULL,'','',NULL),(77,'0000-00-00 00:00:00','asdasd','','','','','','','','','','','','sad',NULL,'','',NULL,'',NULL,NULL,NULL,NULL,NULL,'','',NULL),(78,'0000-00-00 00:00:00','asdasd','','','','','','','','','','','','sad',NULL,'','',NULL,'',NULL,NULL,NULL,NULL,NULL,'','',NULL),(79,'0000-00-00 00:00:00','asdasd','','','','','','','','','','','','sad',NULL,'','',NULL,'',NULL,NULL,NULL,NULL,NULL,'','',NULL),(80,'0000-00-00 00:00:00','asdasd','','','','','','','','','','','','sad',NULL,'','',NULL,'',NULL,NULL,NULL,NULL,NULL,'','',NULL),(81,'0000-00-00 00:00:00','asdasd','','','','','','','','','','','','sad',NULL,'','',NULL,'',NULL,NULL,NULL,NULL,NULL,'','',NULL),(82,'0000-00-00 00:00:00','asdasd','','','','','','','','','','','','sad',NULL,'','',NULL,'',NULL,NULL,NULL,NULL,NULL,'','',NULL),(83,'0000-00-00 00:00:00','','','','','','','','','','','','','',NULL,'','',NULL,NULL,NULL,NULL,NULL,NULL,NULL,'','',NULL),(84,'0000-00-00 00:00:00','','','','','','','','','','','','','',NULL,'','',NULL,NULL,NULL,NULL,NULL,NULL,NULL,'','',NULL),(85,'0000-00-00 00:00:00','asdasd','','','','','','','','','','','','sad',NULL,'','',NULL,'',NULL,NULL,NULL,NULL,NULL,'','',NULL),(86,'0000-00-00 00:00:00','asdasd','','','','','','','','','','','','sad',NULL,'','',NULL,'',NULL,NULL,NULL,NULL,NULL,'','',NULL),(87,'0000-00-00 00:00:00','asdasd','','','','','','','','','','','','sad',NULL,'','',NULL,'',NULL,NULL,NULL,NULL,NULL,'','',NULL),(88,'0000-00-00 00:00:00','asdasd','','','','','','','','','','','','sad',NULL,'','',NULL,'',NULL,NULL,NULL,NULL,NULL,'','',NULL),(89,'0000-00-00 00:00:00','asdasd','','','','','','','','','','','','sad',NULL,'','',NULL,'',NULL,NULL,NULL,NULL,NULL,'','',NULL),(90,'0000-00-00 00:00:00','asdasd','','','','','','','','','','','','sad',NULL,'','',NULL,'',NULL,NULL,NULL,NULL,NULL,'','',NULL),(91,'0000-00-00 00:00:00','asdasd','','','','','','','','','','','','sad',NULL,'','',NULL,'',NULL,NULL,NULL,NULL,NULL,'','',NULL),(92,'0000-00-00 00:00:00','asdasd','','','','','','','','','','','','sad',NULL,'','',NULL,'',NULL,NULL,NULL,NULL,NULL,'','',NULL),(93,'0000-00-00 00:00:00','asdasd','','','','','','','','','','','','sad',NULL,'','',NULL,'',NULL,NULL,NULL,NULL,NULL,'','',NULL),(94,'0000-00-00 00:00:00','asdasd','','','','','','','','','','','','sad',NULL,'','',NULL,'',NULL,NULL,NULL,NULL,NULL,'','',NULL),(95,'0000-00-00 00:00:00','asdasd','','','','','','','','','','','','sad',NULL,'','',NULL,'',NULL,NULL,NULL,NULL,NULL,'','',NULL),(96,'0000-00-00 00:00:00','asdasd','','','','','','','','','','','','sad',NULL,'','',NULL,'',NULL,NULL,NULL,NULL,NULL,'','',NULL),(97,'0000-00-00 00:00:00','asdasd','','','','','','','','','','','','sad',NULL,'','',NULL,'',NULL,NULL,NULL,NULL,NULL,'','',NULL),(98,'0000-00-00 00:00:00','asdasd','','','','','','','','','','','','sad',NULL,'','',NULL,'',NULL,NULL,NULL,NULL,NULL,'','',NULL),(99,'0000-00-00 00:00:00','asdasd','','','','','','','','','','','','sad',NULL,'','',NULL,'',NULL,NULL,NULL,NULL,NULL,'','',NULL),(100,'0000-00-00 00:00:00','asdasd','','','','','','','','','','','','sad',NULL,'','',NULL,'',NULL,NULL,NULL,NULL,NULL,'','',NULL),(101,'0000-00-00 00:00:00','','','','','','','','','','','','','',NULL,'','',NULL,NULL,NULL,NULL,NULL,NULL,NULL,'','',NULL),(102,'0000-00-00 00:00:00','','','','','','','','','','','','','',NULL,'','',NULL,NULL,NULL,NULL,NULL,NULL,NULL,'','',NULL),(103,'0000-00-00 00:00:00','','','','','','','','','','','','','',NULL,'','',NULL,NULL,NULL,NULL,NULL,NULL,NULL,'','',NULL),(104,'2014-02-22 21:03:16','','','','','','','','','','','','','',NULL,'','',NULL,NULL,NULL,NULL,NULL,NULL,NULL,'','',NULL),(105,'2014-02-22 21:03:16','','','','','','','','','','','','','',NULL,'','',NULL,NULL,NULL,NULL,NULL,NULL,NULL,'','',NULL),(106,'2014-02-22 21:03:16','','','','','','','','','','','','','',NULL,'','',NULL,NULL,NULL,NULL,NULL,NULL,NULL,'','',NULL),(107,'2014-02-28 21:02:16','','','','','','','','','','','','','',NULL,'','',NULL,NULL,NULL,NULL,NULL,NULL,NULL,'','',NULL),(108,'2014-02-28 21:02:16','','','','','','','','','','','','','',NULL,'','',NULL,NULL,NULL,NULL,NULL,NULL,NULL,'','',NULL),(109,'2014-02-28 21:02:16','Hv','','','','','','','','','','','','',NULL,'','',NULL,NULL,NULL,NULL,NULL,NULL,NULL,'','',NULL),(110,'2014-02-28 21:02:16','H','','','','','','','','','','','','',NULL,'','',NULL,NULL,NULL,NULL,NULL,NULL,NULL,'','',NULL),(111,'2014-02-28 21:02:16','Hvh','','','','','','','','','','','','',NULL,'','',NULL,NULL,NULL,NULL,NULL,NULL,NULL,'','',NULL),(112,'2014-02-28 21:02:16','Hvhv','','','','','','','','','','','','',NULL,'','',NULL,NULL,NULL,NULL,NULL,NULL,NULL,'','',NULL),(113,'2014-02-28 21:02:16','Hvhvy','','','','','','','','','','','','',NULL,'','',NULL,NULL,NULL,NULL,NULL,NULL,NULL,'','',NULL),(114,'2014-02-28 21:02:16','Hvhvyf','','','','','','','','','','','','',NULL,'','',NULL,NULL,NULL,NULL,NULL,NULL,NULL,'','',NULL),(115,'2014-02-28 21:02:16','Hvhvyff','','','','','','','','','','','','',NULL,'','',NULL,NULL,NULL,NULL,NULL,NULL,NULL,'','',NULL),(116,'2014-02-28 21:02:16','Hvhvyffv','','','','','','','','','','','','',NULL,'','',NULL,NULL,NULL,NULL,NULL,NULL,NULL,'','',NULL),(117,'2014-02-28 21:02:16','Hvhvyffv','','','','','','','','','','','','',NULL,'','',NULL,NULL,NULL,NULL,NULL,NULL,NULL,'','',NULL),(118,'2014-02-28 21:02:16','Hvhvyffv','','','','','','','','','','','','',NULL,'','',NULL,NULL,NULL,NULL,NULL,NULL,NULL,'','',NULL),(119,'2014-02-28 21:02:16','Hvhvyffv','H','','','','','','','','','','','',NULL,'','',NULL,NULL,NULL,NULL,NULL,NULL,NULL,'','',NULL),(120,'2014-02-28 21:02:16','Hvhvyffv','Hy','','','','','','','','','','','',NULL,'','',NULL,NULL,NULL,NULL,NULL,NULL,NULL,'','',NULL),(121,'2014-02-28 21:02:16','Hvhvyffv','Hyf','','','','','','','','','','','',NULL,'','',NULL,NULL,NULL,NULL,NULL,NULL,NULL,'','',NULL),(122,'2014-02-28 21:02:16','Hvhvyffv','Hyfh','','','','','','','','','','','',NULL,'','',NULL,NULL,NULL,NULL,NULL,NULL,NULL,'','',NULL),(123,'2014-02-28 21:02:16','Hvhvyffv','Hyfhv','','','','','','','','','','','',NULL,'','',NULL,NULL,NULL,NULL,NULL,NULL,NULL,'','',NULL),(124,'2014-02-28 21:02:16','Hvhvyffv','Hyfhvh','','','','','','','','','','','',NULL,'','',NULL,NULL,NULL,NULL,NULL,NULL,NULL,'','',NULL),(125,'2014-02-28 21:02:16','Hvhvyffv','Hyfhvh','','','','','','','','','','','',NULL,'','',NULL,NULL,'on','on',NULL,NULL,NULL,'','',NULL),(126,'2014-02-28 21:02:16','Hvhvyffv','Hyfhvh','','','','','','','','','','','',NULL,'','',NULL,NULL,'on','on',NULL,NULL,NULL,'','',NULL),(127,'2014-02-28 21:02:16','Hvhvyffv','Hyfhvh','','','','','','','','','','','',NULL,'','',NULL,NULL,'on','on',NULL,NULL,NULL,'','',NULL),(128,'2014-02-28 21:02:16','Hvhvyffv','Hyfhvh','','','','','','','','','','','',NULL,'','',NULL,NULL,'on','on',NULL,NULL,NULL,'','',NULL),(129,'2014-02-28 21:02:16','Hvhvyffv','Hyfhvh','','','','','','','','','','','',NULL,'','',NULL,NULL,'on','on',NULL,NULL,NULL,'','',NULL),(130,'2014-02-28 21:02:16','Hvhvyffv','Hyfhvh','','','','','','','','','','','',NULL,'','',NULL,NULL,'on','on',NULL,NULL,NULL,'','',NULL),(131,'2014-02-28 21:02:16','Hvhvyffv','Hyfhvh','T','','','','','','','','','','',NULL,'','',NULL,NULL,'on','on',NULL,NULL,NULL,'','',NULL),(132,'2014-02-28 21:02:16','Hvhvyffv','Hyfhvh','Ty','','','','','','','','','','',NULL,'','',NULL,NULL,'on','on',NULL,NULL,NULL,'','',NULL),(133,'2014-02-28 21:02:16','Hvhvyffv','Hyfhvh','Tyh','','','','','','','','','','',NULL,'','',NULL,NULL,'on','on',NULL,NULL,NULL,'','',NULL),(134,'2014-02-28 21:02:16','Hvhvyffv','Hyfhvh','Tyhf','','','','','','','','','','',NULL,'','',NULL,NULL,'on','on',NULL,NULL,NULL,'','',NULL),(135,'2014-02-28 21:02:16','Hvhvyffv','Hyfhvh','Tyhfe','','','','','','','','','','',NULL,'','',NULL,NULL,'on','on',NULL,NULL,NULL,'','',NULL),(136,'2014-02-28 21:02:16','Hvhvyffv','Hyfhvh','Tyhfeg','','','','','','','','','','',NULL,'','',NULL,NULL,'on','on',NULL,NULL,NULL,'','',NULL),(137,'2014-02-28 21:02:16','Hvhvyffv','Hyfhvh','Tyhfegj','','','','','','','','','','',NULL,'','',NULL,NULL,'on','on',NULL,NULL,NULL,'','',NULL),(138,'2014-02-28 21:02:16','Hvhvyffv','Hyfhvh','Tyhfegji','','','','','','','','','','',NULL,'','',NULL,NULL,'on','on',NULL,NULL,NULL,'','',NULL),(139,'2014-02-28 21:02:16','Hvhvyffv','Hyfhvh','Tyhfegji','','','','','','','','','','',NULL,'','',NULL,NULL,'on','on',NULL,NULL,NULL,'','',NULL),(140,'2014-02-28 21:02:16','Hvhvyffv','Hyfhvh','Tyhfegji','','','','','','','','','','',NULL,'','F',NULL,NULL,'on','on',NULL,NULL,NULL,'','',NULL),(141,'2014-02-28 21:02:16','Hvhvyffv','Hyfhvh','Tyhfegji','','','','','','','','','','',NULL,'','Fh',NULL,NULL,'on','on',NULL,NULL,NULL,'','',NULL),(142,'2014-02-28 21:02:16','Hvhvyffv','Hyfhvh','Tyhfegji','','','','','','','','','','',NULL,'','Fhk',NULL,NULL,'on','on',NULL,NULL,NULL,'','',NULL),(143,'2014-02-28 21:02:16','Hvhvyffv','Hyfhvh','Tyhfegji','','','','','','','','','','',NULL,'','Fhky',NULL,NULL,'on','on',NULL,NULL,NULL,'','',NULL),(144,'2014-02-28 21:02:16','Hvhvyffv','Hyfhvh','Tyhfegji','','','','','','','','','','',NULL,'','Fhkyr',NULL,NULL,'on','on',NULL,NULL,NULL,'','',NULL),(145,'2014-02-28 21:02:16','Hvhvyffv','Hyfhvh','Tyhfegji','','','','','','','','','','',NULL,'','They\'re',NULL,NULL,'on','on',NULL,NULL,NULL,'','',NULL),(146,'2014-02-28 21:02:16','Hvhvyffv','Hyfhvh','Tyhfegji','','','','','','','','','','',NULL,'','They\'re',NULL,NULL,'on','on',NULL,NULL,NULL,'','',NULL),(147,'2014-02-28 21:02:16','Hvhvyffv','Hyfhvh','Tyhfegji','','','','','','','','','','',NULL,'','They\'re',NULL,NULL,'on','on',NULL,NULL,NULL,'','',NULL),(148,'2014-02-28 21:02:16','Hvhvyffv','Hyfhvh','Tyhfegji','','','','','','','','','','',NULL,'','They\'re',NULL,NULL,'on','on',NULL,NULL,NULL,'','',NULL),(149,'2014-02-28 21:02:16','Hvhvyffv','Hyfhvh','Tyhfegji','','','','','','','','','','',NULL,'','They\'re',NULL,NULL,'on','on',NULL,NULL,NULL,'','',NULL),(150,'2014-02-28 21:02:16','Hvhvyffv','Hyfhvh','Tyhfegji','','','','','','','','','','',NULL,'','They\'re',NULL,NULL,'on','on',NULL,NULL,NULL,'','',NULL),(151,'2014-02-28 21:02:16','Hvhvyffv','Hyfhvh','Tyhfegji','','','','','','','','','','',NULL,'','They\'re',NULL,NULL,'on','on',NULL,NULL,NULL,'','',NULL),(152,'2014-02-28 21:02:16','Hvhvyffv','Hyfhvh','Tyhfegji','','','','','','','','','','',NULL,'','They\'re',NULL,NULL,'on','on',NULL,NULL,NULL,'','',NULL),(153,'2014-02-28 21:02:16','Hvhvyffv','Hyfhvh','Tyhfegji','','','','','','','','','','',NULL,'',NULL,NULL,NULL,'on','on',NULL,NULL,NULL,'','',NULL),(154,'2014-02-28 21:02:16','Hvhvyffv','Hyfhvh','Tyhfegji','','','','','','','','','','',NULL,'',NULL,NULL,NULL,'on','on',NULL,NULL,NULL,'','',NULL),(155,'2014-02-28 21:02:16','Hvhvyffv','Hyfhvh','Tyhfegji','','','','','','','','','','',NULL,'',NULL,NULL,NULL,'on','on',NULL,NULL,NULL,'','',NULL),(156,'2014-02-28 21:02:16','Hvhvyffv','Hyfhvh','Tyhfegji','','','','','','','','','','',NULL,'',NULL,NULL,NULL,'on','on',NULL,NULL,NULL,'','',NULL),(157,'2014-02-28 21:02:16','Hvhvyffv','Hyfhvh','Tyhfegji','','','','','','','','','','',NULL,'',NULL,NULL,NULL,'on','on',NULL,NULL,NULL,'','',NULL),(158,'2014-02-28 21:02:16','Hvhvyffv','Hyfhvh','Tyhfegji','','','','','','','','','','',NULL,'',NULL,NULL,NULL,'on','on',NULL,NULL,NULL,'','',NULL),(159,'2014-02-28 21:02:16','Hvhvyffv','Hyfhvh','Tyhfegji','','','','','','','','','','',NULL,'',NULL,NULL,NULL,'on','on',NULL,NULL,NULL,'','',NULL),(160,'2014-02-28 21:02:16','Hvhvyffv','Hyfhvh','Tyhfegji','S','','','','','','','','','',NULL,'',NULL,NULL,NULL,'on','on',NULL,NULL,NULL,'','',NULL),(161,'2014-02-28 21:02:16','Hvhvyffv','Hyfhvh','Tyhfegji','Ss','','','','','','','','','',NULL,'',NULL,NULL,NULL,'on','on',NULL,NULL,NULL,'','',NULL),(162,'2014-02-28 21:02:16','Hvhvyffv','Hyfhvh','Tyhfegji','Sse','','','','','','','','','',NULL,'',NULL,NULL,NULL,'on','on',NULL,NULL,NULL,'','',NULL),(163,'2014-02-28 21:02:16','Hvhvyffv','Hyfhvh','Tyhfegji','Ssew','','','','','','','','','',NULL,'',NULL,NULL,NULL,'on','on',NULL,NULL,NULL,'','',NULL),(164,'2014-02-28 21:02:16','Hvhvyffv','Hyfhvh','Tyhfegji','Ssewf','','','','','','','','','',NULL,'',NULL,NULL,NULL,'on','on',NULL,NULL,NULL,'','',NULL),(165,'2014-02-28 21:02:16','Hvhvyffv','Hyfhvh','Tyhfegji','Sewed','','','','','','','','','',NULL,'',NULL,NULL,NULL,'on','on',NULL,NULL,NULL,'','',NULL),(166,'2014-02-28 21:02:16','Hvhvyffv','Hyfhvh','Tyhfegji','Sewed','','','','','','','','','',NULL,'',NULL,NULL,NULL,'on','on',NULL,NULL,NULL,'','',NULL),(167,'2014-02-28 21:02:16','Hvhvyffv','Hyfhvh','Tyhfegji','Sewed','','','','','','','','','',NULL,'',NULL,NULL,NULL,'on','on',NULL,NULL,NULL,'','',NULL),(168,'2014-02-28 21:02:16','Hvhvyffv','Hyfhvh','Tyhfegji','Sewed','','','','','','','','','',NULL,'',NULL,NULL,NULL,'on','on',NULL,NULL,NULL,'','',NULL),(169,'2014-02-28 21:02:16','Hvhvyffv','Hyfhvh','Tyhfegji','Sewed','D','','','','','','','','',NULL,'',NULL,NULL,NULL,'on','on',NULL,NULL,NULL,'','',NULL),(170,'2014-02-28 21:02:16','Hvhvyffv','Hyfhvh','Tyhfegji','Sewed','Ds','','','','','','','','',NULL,'',NULL,NULL,NULL,'on','on',NULL,NULL,NULL,'','',NULL),(171,'0000-00-00 00:00:00','','','','','','','','','','','','','',NULL,'','',NULL,NULL,NULL,NULL,NULL,NULL,NULL,'','',NULL),(172,'0000-00-00 00:00:00','','','','','','','','','','','','','',NULL,'','',NULL,NULL,NULL,NULL,NULL,NULL,NULL,'','',NULL),(173,'0000-00-00 00:00:00','','','','','','','','','','','','','',NULL,'','',NULL,NULL,NULL,NULL,NULL,NULL,NULL,'','',NULL),(174,'0000-00-00 00:00:00','','','','','','','','','','','','','',NULL,'','',NULL,NULL,NULL,NULL,NULL,NULL,NULL,'','',NULL),(175,'0000-00-00 00:00:00','','','','','','','','','','','','','',NULL,'','',NULL,NULL,NULL,NULL,NULL,NULL,NULL,'','',NULL),(176,'0000-00-00 00:00:00','','','','','','','','','','','','','',NULL,'','',NULL,NULL,NULL,NULL,NULL,NULL,NULL,'','',NULL),(177,'0000-00-00 00:00:00','','','','','','','','','','','','','',NULL,'','',NULL,NULL,NULL,NULL,NULL,NULL,NULL,'','',NULL),(178,'0000-00-00 00:00:00','','','','','','','','','','','','','',NULL,'','',NULL,NULL,NULL,NULL,NULL,NULL,NULL,'','',NULL),(179,'0000-00-00 00:00:00','','','','','','','','','','','','','',NULL,'','',NULL,NULL,NULL,NULL,NULL,NULL,NULL,'','',NULL),(180,'0000-00-00 00:00:00','','','','','','','','','','','','','',NULL,'','',NULL,NULL,NULL,NULL,NULL,NULL,NULL,'','',NULL),(181,'0000-00-00 00:00:00','','','','','','','','','','','','','',NULL,'','',NULL,NULL,NULL,NULL,NULL,NULL,NULL,'','',NULL),(182,'0000-00-00 00:00:00','','','','','','','','','','','','','',NULL,'','',NULL,NULL,NULL,NULL,NULL,NULL,NULL,'','',NULL),(183,'0000-00-00 00:00:00','','','','','','','','','','','','','',NULL,'','',NULL,NULL,NULL,NULL,NULL,NULL,NULL,'','',NULL),(184,'0000-00-00 00:00:00','','','','','','','','','','','','','',NULL,'','',NULL,NULL,NULL,NULL,NULL,NULL,NULL,'','',NULL),(185,'0000-00-00 00:00:00','','','','','','','','','','','','','',NULL,'','',NULL,NULL,NULL,NULL,NULL,NULL,NULL,'','',NULL),(186,'0000-00-00 00:00:00','','','','','','','','','','','','','',NULL,'','',NULL,NULL,NULL,NULL,NULL,NULL,NULL,'','',NULL),(187,'0000-00-00 00:00:00','','','','','','','','','','','','','',NULL,'','',NULL,NULL,NULL,NULL,NULL,NULL,NULL,'','',NULL),(188,'0000-00-00 00:00:00','','','','','','','','','','','',NULL,'',NULL,'','',NULL,NULL,NULL,NULL,NULL,NULL,NULL,'','',NULL),(189,'0000-00-00 00:00:00','','','','','','','','','','','',NULL,'',NULL,'','',NULL,NULL,NULL,NULL,NULL,NULL,NULL,'','',NULL),(190,'0000-00-00 00:00:00','','','','','','','','','','','',NULL,'',NULL,'','',NULL,NULL,NULL,NULL,NULL,NULL,NULL,'','',NULL),(191,'0000-00-00 00:00:00','','','','','','','','','','','',NULL,'',NULL,'','',NULL,NULL,NULL,NULL,NULL,NULL,NULL,'','',NULL),(192,'0000-00-00 00:00:00','','','','','','','','','','','',NULL,'',NULL,'','',NULL,NULL,NULL,NULL,NULL,NULL,NULL,'','',NULL),(193,'0000-00-00 00:00:00','','','','','','','','','','','',NULL,'',NULL,'','',NULL,NULL,NULL,NULL,NULL,NULL,NULL,'','',NULL),(194,'0000-00-00 00:00:00','','','','','','','','','','','',NULL,'',NULL,'','',NULL,NULL,NULL,NULL,NULL,NULL,NULL,'','',NULL),(195,'0000-00-00 00:00:00','','','','','','','','','','','',NULL,'',NULL,'','',NULL,NULL,NULL,NULL,NULL,NULL,NULL,'','',NULL),(196,'0000-00-00 00:00:00','','','','','','','','','','','',NULL,'',NULL,'','',NULL,NULL,NULL,NULL,NULL,NULL,NULL,'','',NULL),(197,'0000-00-00 00:00:00','','','','','','','','','','','','','sad',NULL,'','',NULL,'',NULL,NULL,NULL,NULL,NULL,'','',NULL),(198,'0000-00-00 00:00:00','','','','','','','','','','','','','sad',NULL,'','',NULL,'',NULL,NULL,NULL,NULL,NULL,'','',NULL),(199,'0000-00-00 00:00:00','','','','','','','','','','','','','sad',NULL,'','',NULL,'',NULL,NULL,NULL,NULL,NULL,'','',NULL),(200,'0000-00-00 00:00:00','','','','','','','','','','','','','sad',NULL,'','',NULL,'',NULL,NULL,NULL,NULL,NULL,'','',NULL),(201,'0000-00-00 00:00:00','','','','','','','','','','','','','sad',NULL,'','',NULL,'',NULL,NULL,NULL,NULL,NULL,'','',NULL),(202,'0000-00-00 00:00:00','','','','','','','','','','','','','sad',NULL,'','',NULL,'',NULL,NULL,NULL,NULL,NULL,'','',NULL),(203,'0000-00-00 00:00:00','','','','','','','','','','','','','sad',NULL,'','',NULL,'',NULL,NULL,NULL,NULL,NULL,'','',NULL),(204,'0000-00-00 00:00:00','','','','','','','','','','','','','sad',NULL,'','',NULL,'',NULL,NULL,NULL,NULL,NULL,'','',NULL),(205,'0000-00-00 00:00:00','','','','','','','','','','','','','sad',NULL,'','',NULL,'',NULL,NULL,NULL,NULL,NULL,'','',NULL),(206,'0000-00-00 00:00:00','','','','','','','','','','','','','sad',NULL,'','',NULL,'',NULL,NULL,NULL,NULL,NULL,'','',NULL),(207,'0000-00-00 00:00:00','','','','','','','','','','','','','sad',NULL,'','',NULL,'',NULL,NULL,NULL,NULL,NULL,'','',NULL),(208,'0000-00-00 00:00:00','','','','','','','','','','','','','sad',NULL,'','',NULL,'',NULL,NULL,NULL,NULL,NULL,'','',NULL),(209,'0000-00-00 00:00:00','','','','','','','','','','','','','sad',NULL,'','',NULL,'',NULL,NULL,NULL,NULL,NULL,'','',NULL),(210,'0000-00-00 00:00:00','','','','','','','','','','','','','sad',NULL,'','',NULL,'',NULL,NULL,NULL,NULL,NULL,'','',NULL),(211,'0000-00-00 00:00:00','','','','','','','','','','','',NULL,'',NULL,'','',NULL,NULL,NULL,NULL,NULL,NULL,NULL,'','',NULL),(212,'0000-00-00 00:00:00','','','','','','','','','','','','','sad',NULL,'','',NULL,'',NULL,NULL,NULL,NULL,NULL,'','',NULL),(213,'0000-00-00 00:00:00','','','','','','','','','','','','','sad',NULL,'','',NULL,'',NULL,NULL,NULL,NULL,NULL,'','',NULL),(214,'0000-00-00 00:00:00','','','','','','','','','','','','','sad',NULL,'','',NULL,'',NULL,NULL,NULL,NULL,NULL,'','',NULL),(215,'0000-00-00 00:00:00','','','','','','','','','','','','','sad',NULL,'','',NULL,'',NULL,NULL,NULL,NULL,NULL,'','',NULL),(216,'0000-00-00 00:00:00','','','','','','','','','','','','','sad',NULL,'','',NULL,'',NULL,NULL,NULL,NULL,NULL,'','',NULL),(217,'0000-00-00 00:00:00','','','','','','','','','','','','','sad',NULL,'','',NULL,'',NULL,NULL,NULL,NULL,NULL,'','',NULL),(218,'0000-00-00 00:00:00','','','','','','','','','','','','','sad',NULL,'','',NULL,'',NULL,NULL,NULL,NULL,NULL,'','',NULL),(219,'0000-00-00 00:00:00','','','','','','','','','','','','','sad',NULL,'','',NULL,'',NULL,NULL,NULL,NULL,NULL,'','',NULL),(220,'0000-00-00 00:00:00','','','','','','','','','','','','','asd',NULL,'','',NULL,'',NULL,NULL,NULL,NULL,NULL,'','',NULL),(221,'0000-00-00 00:00:00','','','','','','','','','','','','','asd',NULL,'','',NULL,'',NULL,NULL,NULL,NULL,NULL,'','',NULL),(222,'0000-00-00 00:00:00','','','','','','','','','','','','','asd',NULL,'','',NULL,'',NULL,NULL,NULL,NULL,NULL,'','',NULL),(223,'0000-00-00 00:00:00','','','','','','','','','','','','','asd',NULL,'','',NULL,'',NULL,NULL,NULL,NULL,NULL,'','',NULL),(224,'0000-00-00 00:00:00','','','','','','','','','','','','','asd',NULL,'','',NULL,'',NULL,NULL,NULL,NULL,NULL,'','',NULL),(225,'0000-00-00 00:00:00','','','','','','','','','','','','','asd',NULL,'','',NULL,'',NULL,NULL,NULL,NULL,NULL,'','',NULL),(226,'0000-00-00 00:00:00','','','','','','','','','','','',NULL,'',NULL,'','',NULL,NULL,NULL,NULL,NULL,NULL,NULL,'','',NULL),(227,'0000-00-00 00:00:00','','','','','','','','','','','',NULL,'',NULL,'','',NULL,NULL,NULL,NULL,NULL,NULL,NULL,'','',NULL),(228,'0000-00-00 00:00:00','','','','','','','','','','','',NULL,'',NULL,'','',NULL,NULL,NULL,NULL,NULL,NULL,NULL,'','',NULL),(229,'0000-00-00 00:00:00','','','','','','','','','','','',NULL,'',NULL,'',NULL,NULL,NULL,NULL,NULL,NULL,NULL,NULL,'','',NULL),(230,'0000-00-00 00:00:00','','','','','','','','','','','',NULL,'',NULL,'',NULL,NULL,NULL,NULL,NULL,'on',NULL,NULL,'','',NULL),(231,'0000-00-00 00:00:00','','','','','','','','','','','',NULL,'',NULL,'',NULL,NULL,NULL,NULL,NULL,'on','on',NULL,'','',NULL),(232,'0000-00-00 00:00:00','','','','','','','','','','','',NULL,'',NULL,'',NULL,NULL,NULL,NULL,NULL,'on','on',NULL,'','',NULL),(233,'0000-00-00 00:00:00','','','','','','','','','','','',NULL,'',NULL,'',NULL,NULL,NULL,NULL,NULL,'on','on','on','','',NULL),(234,'0000-00-00 00:00:00','','','','','','','','','','','',NULL,'',NULL,'',NULL,NULL,NULL,NULL,NULL,'on','on','on','','',NULL),(235,'0000-00-00 00:00:00','','','','','','','','','','','',NULL,'',NULL,'',NULL,NULL,NULL,NULL,NULL,'on','on','on','','',NULL),(236,'0000-00-00 00:00:00','','','','','','','','','','','',NULL,'',NULL,'',NULL,NULL,NULL,NULL,NULL,'on','on','on','','',NULL),(237,'0000-00-00 00:00:00','','','','','','','','','','','',NULL,'',NULL,'','',NULL,NULL,NULL,NULL,NULL,NULL,NULL,'','',NULL),(238,'0000-00-00 00:00:00','','','','','','','','','','','',NULL,'',NULL,'','',NULL,NULL,NULL,NULL,NULL,NULL,NULL,'','',NULL),(239,'0000-00-00 00:00:00','','','','','','','','','','','',NULL,'',NULL,'','',NULL,NULL,NULL,NULL,NULL,NULL,NULL,'','',NULL),(240,'0000-00-00 00:00:00','','','','','','','','','','','',NULL,'',NULL,'','',NULL,NULL,NULL,NULL,NULL,NULL,NULL,'','',NULL),(241,'0000-00-00 00:00:00','','','','','','','','','','','',NULL,'',NULL,'','',NULL,NULL,NULL,NULL,NULL,NULL,NULL,'','',NULL),(242,'0000-00-00 00:00:00','','','','','','','','','','','',NULL,'',NULL,'','',NULL,NULL,NULL,NULL,'on',NULL,NULL,'75','50',NULL),(243,'0000-00-00 00:00:00','','','asdht','','','','','','','','','','asdfgh',NULL,'','hello',NULL,'',NULL,NULL,NULL,NULL,NULL,'','',NULL),(244,'0000-00-00 00:00:00','','','','','','','','','','','',NULL,'',NULL,'',NULL,NULL,NULL,NULL,NULL,NULL,NULL,NULL,'100','100',NULL),(245,'0000-00-00 00:00:00','','','','','','','','','','','',NULL,'',NULL,'',NULL,NULL,NULL,NULL,NULL,NULL,NULL,NULL,'100','100',NULL),(246,'0000-00-00 00:00:00','','','','','','','','','','','','','',NULL,'','he',NULL,'',NULL,NULL,NULL,NULL,NULL,'','',NULL),(247,'0000-00-00 00:00:00','','','','','','','','','','','',NULL,'',NULL,'','',NULL,NULL,NULL,NULL,NULL,NULL,NULL,'','',NULL),(248,'0000-00-00 00:00:00','','','','','','','','','','','',NULL,'',NULL,'','',NULL,NULL,NULL,NULL,NULL,NULL,NULL,'','',NULL),(249,'0000-00-00 00:00:00','','','','','','','','','','','',NULL,'',NULL,'','',NULL,NULL,NULL,NULL,NULL,NULL,NULL,'','',NULL),(250,'0000-00-00 00:00:00','','','','','','','','','','','',NULL,'',NULL,'','',NULL,NULL,NULL,NULL,NULL,NULL,NULL,'','',NULL),(251,'0000-00-00 00:00:00','','','','','','','','','','','',NULL,'',NULL,'','',NULL,NULL,NULL,NULL,NULL,NULL,NULL,'','',NULL),(252,'0000-00-00 00:00:00','','','','','','','','','','','',NULL,'',NULL,'','',NULL,NULL,NULL,NULL,NULL,NULL,NULL,'','',NULL),(253,'0000-00-00 00:00:00','','','','','','','','','','','',NULL,'',NULL,'','',NULL,NULL,NULL,NULL,NULL,NULL,NULL,'','',NULL),(254,'0000-00-00 00:00:00','','','asd','','','','','','','','','','',NULL,'','',NULL,'',NULL,NULL,NULL,NULL,NULL,'','',NULL),(255,'0000-00-00 00:00:00','','','','','','','','','','','',NULL,'',NULL,'','',NULL,NULL,NULL,NULL,NULL,NULL,NULL,'','',NULL),(256,'0000-00-00 00:00:00','','','','','','','','','','','',NULL,'',NULL,'','',NULL,NULL,NULL,NULL,NULL,NULL,NULL,'','',NULL),(257,'0000-00-00 00:00:00','','','DBMS','Cham','Cohn','School','Diff hmm','We\'d','Fights','','',NULL,'',NULL,'Eight','Conk',NULL,NULL,'on',NULL,NULL,NULL,NULL,'0','100',NULL),(258,'0000-00-00 00:00:00','','','','','','','','','','','',NULL,'',NULL,'','',NULL,NULL,NULL,NULL,NULL,NULL,NULL,'','',NULL),(259,'0000-00-00 00:00:00','','','','','','','','','','','',NULL,'',NULL,'','',NULL,NULL,NULL,NULL,NULL,NULL,NULL,'','',NULL),(260,'0000-00-00 00:00:00','','','asdh','','','','','','','','','','',NULL,'','',NULL,'',NULL,NULL,NULL,NULL,NULL,'','',NULL),(261,'0000-00-00 00:00:00','','','','','','','','','','','',NULL,'',NULL,'','',NULL,NULL,NULL,NULL,NULL,NULL,NULL,'','',NULL),(262,'0000-00-00 00:00:00','','','','','','','','','','','',NULL,'',NULL,'','',NULL,NULL,NULL,NULL,NULL,NULL,NULL,'','',NULL),(263,'0000-00-00 00:00:00','','','','','','','','','','','',NULL,'',NULL,'','',NULL,NULL,NULL,NULL,NULL,NULL,NULL,'','',NULL),(264,'0000-00-00 00:00:00','','','asdht','','','','','','','','','','',NULL,'','',NULL,'',NULL,NULL,NULL,NULL,NULL,'','',NULL),(265,'0000-00-00 00:00:00','','','','','','','','','','','',NULL,'',NULL,'','',NULL,NULL,NULL,NULL,NULL,NULL,NULL,'','',NULL),(266,'0000-00-00 00:00:00','','','','','','','','','','','',NULL,'',NULL,'','',NULL,NULL,NULL,NULL,NULL,NULL,NULL,'','',NULL),(267,'0000-00-00 00:00:00','','','','','','','','','','','',NULL,'',NULL,'','',NULL,NULL,NULL,NULL,NULL,NULL,NULL,'','',NULL),(268,'0000-00-00 00:00:00','','','asdht','','','','','','','','','','',NULL,'','',NULL,'',NULL,NULL,NULL,NULL,NULL,'','',NULL),(269,'0000-00-00 00:00:00','','','','','','','','','','','',NULL,'',NULL,'','',NULL,NULL,NULL,NULL,NULL,NULL,NULL,'','',NULL),(270,'0000-00-00 00:00:00','','','','','','','','','','','',NULL,'',NULL,'','',NULL,NULL,NULL,NULL,NULL,NULL,NULL,'','',NULL),(271,'0000-00-00 00:00:00','','','','','','','','','','','',NULL,'',NULL,'','',NULL,NULL,NULL,NULL,NULL,NULL,NULL,'','',NULL),(272,'0000-00-00 00:00:00','','','','','','','','','','','',NULL,'',NULL,'','',NULL,NULL,NULL,NULL,NULL,NULL,NULL,'','',NULL),(273,'0000-00-00 00:00:00','','','asdht','','','','','','','','','','asdfgh',NULL,'','hello',NULL,'',NULL,NULL,NULL,NULL,NULL,'','',NULL),(274,'0000-00-00 00:00:00','','','','','','','','','','','',NULL,'',NULL,'','',NULL,NULL,NULL,NULL,NULL,NULL,NULL,'','',NULL),(275,'0000-00-00 00:00:00','','','','','','','','','','','',NULL,'',NULL,'','',NULL,NULL,NULL,NULL,NULL,NULL,NULL,'','',NULL),(276,'0000-00-00 00:00:00','','','','','','','','','','','',NULL,'',NULL,'','',NULL,NULL,NULL,NULL,NULL,NULL,NULL,'','',NULL),(277,'0000-00-00 00:00:00','','','','','','','','','','','',NULL,'',NULL,'','',NULL,NULL,NULL,NULL,NULL,NULL,NULL,'','',NULL),(278,'0000-00-00 00:00:00','','','','','','','','','','','',NULL,'',NULL,'','',NULL,NULL,NULL,NULL,NULL,NULL,NULL,'','',NULL),(279,'0000-00-00 00:00:00','','','','','','','','','','','',NULL,'',NULL,'','',NULL,NULL,NULL,NULL,NULL,NULL,NULL,'','',NULL),(280,'0000-00-00 00:00:00','','','','','','','','','','','',NULL,'',NULL,'','',NULL,NULL,NULL,NULL,NULL,NULL,NULL,'','',NULL),(281,'0000-00-00 00:00:00','','','','','','','','','','','',NULL,'',NULL,'','',NULL,NULL,NULL,NULL,NULL,NULL,NULL,'','',NULL),(282,'0000-00-00 00:00:00','','','','','','','','','','','',NULL,'',NULL,'','',NULL,NULL,NULL,NULL,NULL,NULL,NULL,'','',NULL),(283,'0000-00-00 00:00:00','','','','','','','','','','','',NULL,'',NULL,'','',NULL,NULL,NULL,NULL,NULL,NULL,NULL,'','',NULL),(284,'0000-00-00 00:00:00','','','','','','','','','','','',NULL,'',NULL,'','',NULL,NULL,NULL,NULL,NULL,NULL,NULL,'','',NULL),(285,'0000-00-00 00:00:00','','','','','','','','','','','',NULL,'',NULL,'','',NULL,NULL,NULL,NULL,NULL,NULL,NULL,'','',NULL),(286,'0000-00-00 00:00:00','','','','','','','','','','','',NULL,'',NULL,'','',NULL,NULL,NULL,NULL,NULL,NULL,NULL,'','',NULL),(287,'0000-00-00 00:00:00','','','','','','','','','','','',NULL,'',NULL,'','',NULL,NULL,NULL,NULL,NULL,NULL,NULL,'','',NULL),(288,'0000-00-00 00:00:00','','','','','','','','','','','',NULL,'',NULL,'','',NULL,NULL,NULL,NULL,NULL,NULL,NULL,'','',NULL),(289,'0000-00-00 00:00:00','5237 Wolfe drive Baldwin borough','','Santoriello','','','','','','','','','','C2',NULL,'Attempted to reach the Red Cross multiple times never received a call back.\nPossibly up to 40 personnel overnight shelter and required due to both boilers being red tagged via the gas company.','Tomer','on','','on',NULL,'on','on','on','0','0','1'),(290,'0000-00-00 00:00:00','','','','','','','','','','','',NULL,'',NULL,'','',NULL,NULL,NULL,NULL,NULL,NULL,NULL,'','',NULL),(291,'0000-00-00 00:00:00','','','','','','','','','','','',NULL,'',NULL,'','',NULL,NULL,NULL,NULL,NULL,NULL,NULL,'','',NULL),(292,'0000-00-00 00:00:00','','','','','','','','','','','',NULL,'',NULL,'','',NULL,NULL,NULL,NULL,NULL,NULL,NULL,'','',NULL),(293,'0000-00-00 00:00:00','','','','','','','','','','','',NULL,'',NULL,'','',NULL,NULL,NULL,NULL,NULL,NULL,NULL,'','',NULL),(294,'0000-00-00 00:00:00','','','','','','','','','','','',NULL,'',NULL,'','',NULL,NULL,NULL,NULL,NULL,NULL,NULL,'','',NULL),(295,'0000-00-00 00:00:00','','','','','','','','','','','',NULL,'',NULL,'','',NULL,NULL,NULL,NULL,NULL,NULL,NULL,'','',NULL),(296,'0000-00-00 00:00:00','','','','','','','','','','','',NULL,'',NULL,'','','on',NULL,NULL,NULL,NULL,NULL,NULL,'','',NULL),(297,'0000-00-00 00:00:00','','','','','','','','','','','',NULL,'',NULL,'','',NULL,NULL,NULL,NULL,NULL,NULL,NULL,'','',NULL),(298,'0000-00-00 00:00:00','','','','','','','','','','','',NULL,'',NULL,'','',NULL,NULL,NULL,NULL,NULL,NULL,NULL,'','',NULL),(299,'0000-00-00 00:00:00','','','','','','','','','','','',NULL,'',NULL,'','',NULL,NULL,NULL,NULL,NULL,NULL,NULL,'','',NULL),(300,'0000-00-00 00:00:00','','','','','','','','','','','',NULL,'',NULL,'','',NULL,NULL,NULL,NULL,NULL,NULL,NULL,'','',NULL),(301,'0000-00-00 00:00:00','','','','','','','','','','','',NULL,'',NULL,'','',NULL,NULL,NULL,NULL,NULL,NULL,NULL,'','',NULL),(302,'0000-00-00 00:00:00','','','','','','','','','','','',NULL,'',NULL,'','',NULL,NULL,NULL,NULL,NULL,NULL,NULL,'','',NULL),(303,'0000-00-00 00:00:00','','','','','','','','','','','',NULL,'',NULL,'','',NULL,NULL,NULL,NULL,NULL,NULL,NULL,'','',NULL),(304,'0000-00-00 00:00:00','','','','','','','','','','','',NULL,'',NULL,'','',NULL,NULL,NULL,NULL,NULL,NULL,NULL,'','',NULL),(305,'0000-00-00 00:00:00','','','','','','','','','','','',NULL,'',NULL,'','',NULL,NULL,NULL,NULL,NULL,NULL,NULL,'','',NULL),(306,'0000-00-00 00:00:00','','','','','','','','','','','',NULL,'',NULL,'','',NULL,NULL,NULL,NULL,NULL,NULL,NULL,'','',NULL),(307,'0000-00-00 00:00:00','','','','','','','','','','','',NULL,'',NULL,'','',NULL,NULL,NULL,NULL,NULL,NULL,NULL,'','',NULL),(308,'0000-00-00 00:00:00','','','','','','','','','','','',NULL,'',NULL,'','',NULL,NULL,NULL,NULL,NULL,NULL,NULL,'','',NULL),(309,'0000-00-00 00:00:00','','','','','','','','','','','',NULL,'',NULL,'','',NULL,NULL,NULL,NULL,NULL,NULL,NULL,'','',NULL),(310,'0000-00-00 00:00:00','','','','','','','','','','','',NULL,'',NULL,'','',NULL,NULL,NULL,NULL,NULL,NULL,NULL,'','',NULL),(311,'0000-00-00 00:00:00','','','','','','','','','','','',NULL,'',NULL,'','',NULL,NULL,NULL,NULL,NULL,NULL,NULL,'','',NULL),(312,'0000-00-00 00:00:00','','','','','','','','','','','',NULL,'',NULL,'','',NULL,NULL,NULL,NULL,NULL,NULL,NULL,'','',NULL),(313,'0000-00-00 00:00:00','','','','','','','','','','','',NULL,'',NULL,'','',NULL,'',NULL,NULL,NULL,NULL,NULL,'','',NULL),(314,'0000-00-00 00:00:00','','','','','','','','','','','',NULL,'',NULL,'','',NULL,'',NULL,NULL,NULL,NULL,NULL,'','',NULL),(315,'0000-00-00 00:00:00','','','','','','','','','','','',NULL,'',NULL,'','',NULL,'',NULL,NULL,NULL,NULL,NULL,'','',NULL),(316,'0000-00-00 00:00:00','','','','','','','','','','','',NULL,'',NULL,'','','on','',NULL,NULL,NULL,NULL,NULL,'','',NULL),(317,'0000-00-00 00:00:00','','','','','','','','','','','',NULL,'',NULL,'','','on','',NULL,NULL,'on','on','on','','',NULL),(318,'0000-00-00 00:00:00','','','','','','','','','','','',NULL,'',NULL,'','','on','','on',NULL,NULL,NULL,NULL,'','',NULL),(319,'0000-00-00 00:00:00','','','','','','','','','','','',NULL,'',NULL,'','',NULL,'',NULL,NULL,NULL,NULL,NULL,'','',NULL),(320,'0000-00-00 00:00:00','','','','','','','','','','','',NULL,'',NULL,'','','on','','on',NULL,NULL,NULL,NULL,'','',NULL),(321,'0000-00-00 00:00:00','','','','','','','','','','','',NULL,'',NULL,'','','on','','on',NULL,NULL,NULL,NULL,'','100',NULL),(322,'0000-00-00 00:00:00','','','','','','','','','','','',NULL,'',NULL,'','','on','','on',NULL,NULL,NULL,NULL,'50','100',NULL),(323,'0000-00-00 00:00:00','','','','','','','','','','','',NULL,'',NULL,'','','on','','on',NULL,NULL,NULL,NULL,'50','100',NULL),(324,'0000-00-00 00:00:00','','','','','','','','','','','',NULL,'',NULL,'','','on','','on',NULL,NULL,NULL,NULL,'50','100',NULL),(325,'0000-00-00 00:00:00','','','','','','','','','','','',NULL,'',NULL,'','','on','','on',NULL,NULL,NULL,NULL,'50','100',NULL),(326,'0000-00-00 00:00:00','','','','','','','','','','','',NULL,'',NULL,'','','on','','on',NULL,NULL,NULL,NULL,'50','100',NULL),(327,'0000-00-00 00:00:00','','','','','','','','','','','',NULL,'',NULL,'','','on','','on',NULL,NULL,NULL,NULL,'50','100',NULL),(328,'0000-00-00 00:00:00','','','','','','','','','','','',NULL,'sads',NULL,'','',NULL,'',NULL,NULL,NULL,NULL,NULL,'','',NULL),(329,'0000-00-00 00:00:00','','','','','','','','','','','',NULL,'',NULL,'','','on','','on',NULL,NULL,NULL,NULL,'50','100',NULL),(330,'0000-00-00 00:00:00','','','','','','','','','','','',NULL,'',NULL,'','','on','','on',NULL,NULL,NULL,NULL,'50','100',NULL),(331,'0000-00-00 00:00:00','','','','','','','','','','','',NULL,'',NULL,'','','on','','on',NULL,NULL,NULL,NULL,'50','100',NULL),(332,'0000-00-00 00:00:00','','','','','','','','','','','',NULL,'',NULL,'','','on','','on',NULL,NULL,NULL,NULL,'50','100',NULL),(333,'0000-00-00 00:00:00','','','','','','','','','','','',NULL,'',NULL,'','','on','','on',NULL,NULL,NULL,NULL,'50','100',NULL),(334,'0000-00-00 00:00:00','','','','','','','','','','','',NULL,'',NULL,'','','on','','on',NULL,NULL,NULL,NULL,'50','100',NULL),(335,'0000-00-00 00:00:00','','','','','','','','','','','',NULL,'',NULL,'','','on','','on',NULL,NULL,NULL,NULL,'50','100',NULL),(336,'0000-00-00 00:00:00','','','','','','','','','','','',NULL,'',NULL,'','','on','','on',NULL,NULL,NULL,NULL,'50','100',NULL),(337,'0000-00-00 00:00:00','','','','','','','','','','','',NULL,'',NULL,'','','on','','on',NULL,NULL,NULL,NULL,'50','100',NULL),(338,'0000-00-00 00:00:00','','','','','','','','','','','',NULL,'',NULL,'','','on','','on',NULL,NULL,NULL,NULL,'50','100',NULL),(339,'0000-00-00 00:00:00','','','','','','','','','','','',NULL,'',NULL,'','','on','','on',NULL,NULL,NULL,NULL,'50','100',NULL),(340,'0000-00-00 00:00:00','','','','','','','','','','','',NULL,'',NULL,'','','on','','on',NULL,NULL,NULL,NULL,'50','100',NULL),(341,'0000-00-00 00:00:00','','','','','','','','','','','',NULL,'',NULL,'','','on','','on',NULL,NULL,NULL,NULL,'50','100',NULL),(342,'0000-00-00 00:00:00','','','','','','','','','','','',NULL,'',NULL,'','','on','','on',NULL,NULL,NULL,NULL,'50','100',NULL),(343,'0000-00-00 00:00:00','','','','','','','','','','','',NULL,'',NULL,'','','on','','on',NULL,NULL,NULL,NULL,'50','100',NULL),(344,'0000-00-00 00:00:00','','','','','','','','','','','',NULL,'',NULL,'','','on','','on',NULL,NULL,NULL,NULL,'50','100',NULL),(345,'0000-00-00 00:00:00','','','','','','','','','','','',NULL,'',NULL,'','','on','','on',NULL,NULL,NULL,NULL,'50','100',NULL),(346,'0000-00-00 00:00:00','','','','','','','','','','','',NULL,'',NULL,'','','on','','on',NULL,NULL,NULL,NULL,'50','100',NULL),(347,'0000-00-00 00:00:00','','','','','','','','','','','',NULL,'',NULL,'','',NULL,'',NULL,NULL,NULL,NULL,NULL,'','',NULL),(348,'0000-00-00 00:00:00','','','','','','','','','','','',NULL,'',NULL,'','',NULL,'',NULL,NULL,NULL,NULL,NULL,'','',NULL),(349,'0000-00-00 00:00:00','','','','','','','','','','','',NULL,'',NULL,'','',NULL,'',NULL,NULL,NULL,NULL,NULL,'','',NULL),(350,'0000-00-00 00:00:00','','','','','','','','','','','',NULL,'',NULL,'','',NULL,'',NULL,NULL,NULL,NULL,NULL,'','',NULL),(351,'0000-00-00 00:00:00','','','','','','','','','','','',NULL,'',NULL,'','',NULL,'',NULL,NULL,NULL,NULL,NULL,'','',NULL),(352,'0000-00-00 00:00:00','','','','','','','','','','','',NULL,'',NULL,'','',NULL,'',NULL,NULL,NULL,NULL,NULL,'','',NULL),(353,'0000-00-00 00:00:00','','','','','','','','','','','',NULL,'',NULL,'','',NULL,'',NULL,NULL,NULL,NULL,NULL,'','',NULL),(354,'0000-00-00 00:00:00','','','','','','','','','','','',NULL,'',NULL,'','',NULL,'',NULL,NULL,NULL,NULL,NULL,'','',NULL),(355,'0000-00-00 00:00:00','','','','','','','','','','','',NULL,'',NULL,'','',NULL,'',NULL,NULL,NULL,NULL,NULL,'','',NULL),(356,'0000-00-00 00:00:00','','','','','','','','','','','',NULL,'',NULL,'','',NULL,'',NULL,NULL,NULL,NULL,NULL,'','',NULL),(357,'0000-00-00 00:00:00','','','','','','','','','','','',NULL,'',NULL,'','',NULL,'',NULL,NULL,NULL,NULL,NULL,'','',NULL),(358,'0000-00-00 00:00:00','','','','','','','','','','','',NULL,'',NULL,'','',NULL,'',NULL,NULL,NULL,NULL,NULL,'','',NULL),(359,'0000-00-00 00:00:00','','','','','','','','','','','',NULL,'',NULL,'','',NULL,'',NULL,NULL,NULL,NULL,NULL,'','',NULL),(360,'0000-00-00 00:00:00','','','','','','','','','','','',NULL,'',NULL,'','',NULL,'',NULL,NULL,NULL,NULL,NULL,'','',NULL),(361,'0000-00-00 00:00:00','','','','','','','','','','','',NULL,'asdf',NULL,'','',NULL,'',NULL,NULL,NULL,NULL,NULL,'','',NULL),(362,'0000-00-00 00:00:00','','','','','','','','','','','',NULL,'',NULL,'','',NULL,'',NULL,NULL,NULL,NULL,NULL,'','',NULL),(363,'0000-00-00 00:00:00','','','','','','','','','','','',NULL,'',NULL,'','',NULL,'',NULL,NULL,NULL,NULL,NULL,'','',NULL),(364,'0000-00-00 00:00:00','','','','','','','','','','','',NULL,'',NULL,'','',NULL,'',NULL,NULL,NULL,NULL,NULL,'','',NULL),(365,'0000-00-00 00:00:00','','','','','','','','','','','',NULL,'',NULL,'','',NULL,'',NULL,NULL,NULL,NULL,NULL,'','',NULL),(366,'0000-00-00 00:00:00','','','','','','','','','','','',NULL,'',NULL,'','',NULL,'',NULL,NULL,NULL,NULL,NULL,'','',NULL),(367,'0000-00-00 00:00:00','','','','','','','','','','','',NULL,'',NULL,'','',NULL,'',NULL,NULL,NULL,NULL,NULL,'','',NULL),(368,'0000-00-00 00:00:00','','','','','','','','','','','',NULL,'',NULL,'','',NULL,'',NULL,NULL,NULL,NULL,NULL,'','',NULL),(369,'0000-00-00 00:00:00','','','','','','','','','','','',NULL,'',NULL,'','','on','','on',NULL,NULL,NULL,NULL,'50','100',NULL),(370,'0000-00-00 00:00:00','','','','','','','','','','','',NULL,'',NULL,'','','on','','on',NULL,NULL,NULL,NULL,'50','100',NULL),(371,'0000-00-00 00:00:00','','','','','','','','','','','',NULL,'',NULL,'','','on','','on',NULL,NULL,NULL,NULL,'50','25',NULL),(372,'0000-00-00 00:00:00','','','','','','','','','','','',NULL,'',NULL,'','','on','','on',NULL,NULL,NULL,NULL,'50','25',NULL),(373,'0000-00-00 00:00:00','','','','','','','','','','','',NULL,'',NULL,'','','on','','on',NULL,NULL,NULL,NULL,'50','25',NULL),(374,'0000-00-00 00:00:00','','','','','','','','','','','',NULL,'',NULL,'','','on','','on',NULL,NULL,NULL,NULL,'50','25',NULL),(375,'0000-00-00 00:00:00','','','','','','','','','','','',NULL,'',NULL,'','','on','','on',NULL,NULL,NULL,NULL,'50','25',NULL),(376,'0000-00-00 00:00:00','','','','','','','','','','','',NULL,'',NULL,'','','on','','on',NULL,NULL,NULL,NULL,'50','25',NULL),(377,'0000-00-00 00:00:00','','','','','','','','','','','',NULL,'',NULL,'','','on','','on',NULL,NULL,NULL,NULL,'50','25',NULL),(378,'0000-00-00 00:00:00','','','','','','','','','','','',NULL,'',NULL,'','','on','','on',NULL,NULL,NULL,NULL,'50','25',NULL),(379,'0000-00-00 00:00:00','','','','','','','','','','','',NULL,'',NULL,'','','on','','on',NULL,NULL,NULL,NULL,'50','25',NULL),(380,'0000-00-00 00:00:00','','','','','','','','','','','',NULL,'',NULL,'','','on','','on',NULL,NULL,NULL,NULL,'50','25',NULL),(381,'0000-00-00 00:00:00','','','','','','','','','','','',NULL,'',NULL,'','','on','','on',NULL,NULL,NULL,NULL,'50','25',NULL),(382,'0000-00-00 00:00:00','','','','','','','','','','','',NULL,'',NULL,'','','on','','on',NULL,NULL,NULL,NULL,'50','25',NULL),(383,'0000-00-00 00:00:00','','','','','','','','','','','',NULL,'',NULL,'','','on','','on',NULL,NULL,NULL,NULL,'50','25',NULL),(384,'0000-00-00 00:00:00','','','','','','','','','','','',NULL,'',NULL,'','','on','','on',NULL,NULL,NULL,NULL,'50','25',NULL),(385,'0000-00-00 00:00:00','','','','','','','','','','','',NULL,'',NULL,'','','on','','on',NULL,NULL,NULL,NULL,'50','25',NULL),(386,'0000-00-00 00:00:00','','','','','','','','','','','',NULL,'',NULL,'','','on','','on',NULL,NULL,NULL,NULL,'50','25',NULL),(387,'0000-00-00 00:00:00','','','','','','','','','','','',NULL,'',NULL,'','','on','','on',NULL,NULL,NULL,NULL,'50','25',NULL),(388,'0000-00-00 00:00:00','','','','','','','','','','','',NULL,'',NULL,'','','on','','on',NULL,NULL,NULL,NULL,'50','25',NULL),(389,'0000-00-00 00:00:00','','','','','','','','','','','',NULL,'',NULL,'','','on','','on',NULL,NULL,NULL,NULL,'50','25',NULL),(390,'0000-00-00 00:00:00','','','','','','','','','','','',NULL,'',NULL,'','','on','','on',NULL,NULL,NULL,NULL,'50','25',NULL),(391,'0000-00-00 00:00:00','','','','','','','','','','','',NULL,'',NULL,'','','on','','on',NULL,NULL,NULL,NULL,'50','25',NULL),(392,'0000-00-00 00:00:00','','','','','','','','','','','',NULL,'',NULL,'','','on','','on',NULL,NULL,NULL,NULL,'50','25',NULL),(393,'0000-00-00 00:00:00','','','','','','','','','','','',NULL,'',NULL,'','','on','','on',NULL,NULL,NULL,NULL,'50','25',NULL),(394,'0000-00-00 00:00:00','','','','','','','','','','','',NULL,'',NULL,'','','on','','on',NULL,NULL,NULL,NULL,'50','25',NULL),(395,'0000-00-00 00:00:00','','','','','','','','','','','',NULL,'',NULL,'','','on','','on',NULL,NULL,NULL,NULL,'50','25',NULL),(396,'0000-00-00 00:00:00','','','','','','','','','','','',NULL,'',NULL,'','','on','','on',NULL,NULL,NULL,NULL,'50','25',NULL),(397,'0000-00-00 00:00:00','','','','','','','','','','','',NULL,'',NULL,'','','on','','on',NULL,NULL,NULL,NULL,'50','25',NULL),(398,'0000-00-00 00:00:00','','','','','','','','','','','',NULL,'',NULL,'','','on','','on',NULL,NULL,NULL,NULL,'50','25',NULL),(399,'0000-00-00 00:00:00','','','','','','','','','','','',NULL,'',NULL,'','','on','','on',NULL,NULL,NULL,NULL,'50','25',NULL),(400,'0000-00-00 00:00:00','','','','','','','','','','','',NULL,'',NULL,'','','on','','on',NULL,NULL,NULL,NULL,'50','25',NULL),(401,'0000-00-00 00:00:00','','','','','','','','','','','',NULL,'',NULL,'','','on','','on',NULL,NULL,NULL,NULL,'50','25',NULL),(402,'0000-00-00 00:00:00','','','','','','','','','','','',NULL,'',NULL,'','','on','','on',NULL,NULL,NULL,NULL,'50','25',NULL),(403,'0000-00-00 00:00:00','','','','','','','','','','','',NULL,'',NULL,'','','on','','on',NULL,NULL,NULL,NULL,'50','25',NULL),(404,'0000-00-00 00:00:00','','','','','','','','','','','',NULL,'',NULL,'','','on','','on',NULL,NULL,NULL,NULL,'50','25',NULL),(405,'0000-00-00 00:00:00','','','','','','','','','','','',NULL,'',NULL,'','','on','','on',NULL,NULL,NULL,NULL,'50','25',NULL),(406,'0000-00-00 00:00:00','','','','','','','','','','','',NULL,'',NULL,'','','on','','on',NULL,NULL,NULL,NULL,'50','25',NULL),(407,'0000-00-00 00:00:00','','','','','','','','','','','',NULL,'',NULL,'','','on','','on',NULL,NULL,NULL,NULL,'50','25',NULL),(408,'0000-00-00 00:00:00','','','','','','','','','','','',NULL,'',NULL,'','','on','','on',NULL,NULL,NULL,NULL,'50','25',NULL),(409,'0000-00-00 00:00:00','','','','','','','','','','','',NULL,'',NULL,'','','on','','on',NULL,NULL,NULL,NULL,'50','25',NULL),(410,'0000-00-00 00:00:00','','','','','','','','','','','',NULL,'',NULL,'','','on','','on',NULL,NULL,NULL,NULL,'50','25',NULL),(411,'0000-00-00 00:00:00','','','','','','','','','','','',NULL,'',NULL,'','','on','','on',NULL,NULL,NULL,NULL,'50','25',NULL),(412,'0000-00-00 00:00:00','','','','','','','','','','','',NULL,'',NULL,'','','on','','on',NULL,NULL,NULL,NULL,'50','25',NULL),(413,'0000-00-00 00:00:00','','','','','','','','','','','',NULL,'',NULL,'','','on','','on',NULL,NULL,NULL,NULL,'50','25',NULL),(414,'0000-00-00 00:00:00','','','','','','','','','','','',NULL,'',NULL,'','','on','','on',NULL,NULL,NULL,NULL,'50','25',NULL),(415,'0000-00-00 00:00:00','','','','','','','','','','','',NULL,'',NULL,'','','on','','on',NULL,NULL,NULL,NULL,'50','25',NULL),(416,'0000-00-00 00:00:00','','','','','','','','','','','',NULL,'',NULL,'','','on','','on',NULL,NULL,NULL,NULL,'50','25',NULL),(417,'0000-00-00 00:00:00','','','','','','','','','','','',NULL,'',NULL,'','','on','','on',NULL,NULL,NULL,NULL,'50','25',NULL),(418,'0000-00-00 00:00:00','','','','','','','','','','','',NULL,'',NULL,'','','on','','on',NULL,NULL,NULL,NULL,'50','25',NULL),(419,'0000-00-00 00:00:00','','','','','','','','','','','',NULL,'',NULL,'','','on','','on',NULL,NULL,NULL,NULL,'50','25',NULL),(420,'0000-00-00 00:00:00','','','','','','','','','','','',NULL,'',NULL,'','','on','','on',NULL,NULL,NULL,NULL,'50','25',NULL),(421,'0000-00-00 00:00:00','','','','','','','','','','','',NULL,'',NULL,'','','on','','on',NULL,NULL,NULL,NULL,'50','25',NULL),(422,'0000-00-00 00:00:00','','','','','','','','','','','',NULL,'',NULL,'','','on','','on',NULL,NULL,NULL,NULL,'50','25',NULL),(423,'0000-00-00 00:00:00','','','','','','','','','','','',NULL,'',NULL,'','','on','','on',NULL,NULL,NULL,NULL,'50','25',NULL),(424,'0000-00-00 00:00:00','','','','','','','','','','','',NULL,'',NULL,'','','on','','on',NULL,NULL,NULL,NULL,'50','25',NULL),(425,'0000-00-00 00:00:00','','','','','','','','','','','',NULL,'',NULL,'','','on','','on',NULL,NULL,NULL,NULL,'50','25',NULL),(426,'0000-00-00 00:00:00','','','','','','','','','','','',NULL,'',NULL,'','','on','','on',NULL,NULL,NULL,NULL,'50','25',NULL),(427,'0000-00-00 00:00:00','','','','','','','','','','','',NULL,'',NULL,'','','on','','on',NULL,NULL,NULL,NULL,'50','25',NULL),(428,'0000-00-00 00:00:00','','','','','','','','','','','',NULL,'',NULL,'','','on','','on',NULL,NULL,NULL,NULL,'50','25',NULL),(429,'0000-00-00 00:00:00','','','','','','','','','','','',NULL,'',NULL,'','','on','','on',NULL,NULL,NULL,NULL,'50','25',NULL),(430,'0000-00-00 00:00:00','','','','','','','','','','','',NULL,'',NULL,'','','on','','on',NULL,NULL,NULL,NULL,'50','25',NULL),(431,'0000-00-00 00:00:00','','','','','','','','','','','',NULL,'',NULL,'','','on','','on',NULL,NULL,NULL,NULL,'50','25',NULL),(432,'0000-00-00 00:00:00','','','','','','','','','','','',NULL,'',NULL,'','','on','',NULL,NULL,NULL,NULL,NULL,'','',NULL),(433,'0000-00-00 00:00:00','','','','','','','','','','','',NULL,'',NULL,'','','on','','on',NULL,NULL,NULL,NULL,'50','25',NULL),(434,'0000-00-00 00:00:00','','','','','','','','','','','',NULL,'',NULL,'','','on','','on',NULL,NULL,NULL,NULL,'50','25',NULL),(435,'0000-00-00 00:00:00','','','','','','','','','','','',NULL,'',NULL,'','','on','','on',NULL,NULL,NULL,NULL,'50','25',NULL),(436,'0000-00-00 00:00:00','','','','','','','','','','','',NULL,'',NULL,'','','on','','on',NULL,NULL,NULL,NULL,'50','25',NULL),(437,'0000-00-00 00:00:00','','','','','','','','','','','',NULL,'',NULL,'','','on','','on',NULL,NULL,NULL,NULL,'50','25',NULL),(438,'0000-00-00 00:00:00','','','','','','','','','','','',NULL,'',NULL,'','','on','','on',NULL,NULL,NULL,NULL,'50','25',NULL),(439,'0000-00-00 00:00:00','','','','','','','','','','','',NULL,'',NULL,'','','on','','on',NULL,NULL,NULL,NULL,'50','25',NULL),(440,'0000-00-00 00:00:00','','','','','','','','','','','',NULL,'',NULL,'','','on','','on',NULL,NULL,NULL,NULL,'50','25',NULL),(441,'0000-00-00 00:00:00','','','','','','','','','','','',NULL,'',NULL,'','','on','','on',NULL,NULL,NULL,NULL,'50','25',NULL),(442,'0000-00-00 00:00:00','','','','','','','','','','','',NULL,'',NULL,'','','on','','on',NULL,NULL,NULL,NULL,'50','25',NULL),(443,'0000-00-00 00:00:00','','','','','','','','','','','',NULL,'',NULL,'','','on','','on',NULL,NULL,NULL,NULL,'50','25',NULL),(444,'0000-00-00 00:00:00','','','','','','','','','','','',NULL,'',NULL,'','','on','','on',NULL,NULL,NULL,NULL,'50','25',NULL),(445,'0000-00-00 00:00:00','','','','','','','','','','','',NULL,'',NULL,'','','on','','on',NULL,NULL,NULL,NULL,'50','25',NULL),(446,'0000-00-00 00:00:00','','','','','','','','','','','',NULL,'',NULL,'','','on','','on',NULL,NULL,NULL,NULL,'50','25',NULL),(447,'0000-00-00 00:00:00','','','','','','','','','','','',NULL,'',NULL,'','','on','','on',NULL,NULL,NULL,NULL,'50','25',NULL),(448,'0000-00-00 00:00:00','','','','','','','','','','','',NULL,'',NULL,'','','on','','on',NULL,NULL,NULL,NULL,'50','25',NULL),(449,'0000-00-00 00:00:00','','','','','','','','','','','',NULL,'',NULL,'','','on','','on',NULL,NULL,NULL,NULL,'50','25',NULL),(450,'0000-00-00 00:00:00','','','','','','','','','','','',NULL,'',NULL,'','','on','','on',NULL,NULL,NULL,NULL,'50','25',NULL),(451,'0000-00-00 00:00:00','','','','','','','','','','','',NULL,'',NULL,'','','on','','on',NULL,NULL,NULL,NULL,'50','25',NULL),(452,'0000-00-00 00:00:00','','','','','','','','','','','',NULL,'',NULL,'','','on','','on',NULL,NULL,NULL,NULL,'50','25',NULL),(453,'0000-00-00 00:00:00','','','','','','','','','','','',NULL,'',NULL,'','','on','','on',NULL,NULL,NULL,NULL,'50','25',NULL),(454,'0000-00-00 00:00:00','','','','','','','','','','','',NULL,'',NULL,'','','on','','on',NULL,NULL,NULL,NULL,'50','25',NULL),(455,'0000-00-00 00:00:00','','','','','','','','','','','',NULL,'',NULL,'','','on','','on',NULL,NULL,NULL,NULL,'50','25',NULL),(456,'0000-00-00 00:00:00','','','','','','','','','','','',NULL,'',NULL,'','','on','','on',NULL,NULL,NULL,NULL,'50','25',NULL),(457,'0000-00-00 00:00:00','','','','','','','','','','','',NULL,'',NULL,'','','on','','on',NULL,NULL,NULL,NULL,'50','25',NULL),(458,'0000-00-00 00:00:00','','','','','','','','','','','',NULL,'asdf',NULL,'','',NULL,'',NULL,NULL,NULL,NULL,NULL,'','',NULL),(459,'0000-00-00 00:00:00','','','','','','','','','','','',NULL,'',NULL,'','',NULL,'',NULL,NULL,NULL,NULL,NULL,'','',NULL),(460,'0000-00-00 00:00:00','','','','','','','','','','','',NULL,'',NULL,'','',NULL,'',NULL,NULL,NULL,NULL,NULL,'75','25',NULL),(461,'0000-00-00 00:00:00','','','','','','','','','','','',NULL,'',NULL,'','',NULL,'',NULL,NULL,NULL,NULL,NULL,'75','25',NULL),(462,'0000-00-00 00:00:00','','','','','','','','','','','',NULL,'',NULL,'','',NULL,'',NULL,NULL,NULL,NULL,NULL,'75','25',NULL),(463,'0000-00-00 00:00:00','','','','','','','','','','','',NULL,'',NULL,'','',NULL,'',NULL,NULL,NULL,NULL,NULL,'75','25',NULL),(464,'0000-00-00 00:00:00','','','','','','','','','','','',NULL,'',NULL,'','',NULL,'',NULL,NULL,NULL,NULL,NULL,'75','25',NULL),(465,'0000-00-00 00:00:00','','','','','','','','','','','',NULL,'',NULL,'','',NULL,'',NULL,NULL,NULL,NULL,NULL,'75','25',NULL),(466,'0000-00-00 00:00:00','','','','','','','','','','','',NULL,'',NULL,'','',NULL,'',NULL,NULL,NULL,NULL,NULL,'75','25',NULL),(467,'0000-00-00 00:00:00','','','','','','','','','','','',NULL,'',NULL,'','',NULL,'',NULL,NULL,NULL,NULL,NULL,'75','25',NULL),(468,'0000-00-00 00:00:00','','','','','','','','','','','',NULL,'',NULL,'','',NULL,'',NULL,NULL,NULL,NULL,NULL,'75','25',NULL),(469,'0000-00-00 00:00:00','','','','','','','','','','','',NULL,'',NULL,'','',NULL,'',NULL,NULL,NULL,NULL,NULL,'75','25',NULL),(470,'0000-00-00 00:00:00','','','','','','','','','','','',NULL,'',NULL,'','',NULL,'',NULL,NULL,NULL,NULL,NULL,'75','25',NULL),(471,'0000-00-00 00:00:00','','','','','','','','','','','',NULL,'asdfsdsads fddsfd',NULL,'','',NULL,'',NULL,NULL,NULL,NULL,NULL,'','',NULL),(472,'0000-00-00 00:00:00','','','','','','','','','','','',NULL,'',NULL,'','',NULL,'',NULL,NULL,NULL,NULL,NULL,'75','25',NULL),(473,'0000-00-00 00:00:00','','','','','','','','','','','',NULL,'',NULL,'','',NULL,'',NULL,NULL,NULL,NULL,NULL,'75','25',NULL),(474,'0000-00-00 00:00:00','','','','','','','','','','','',NULL,'',NULL,'','',NULL,'',NULL,NULL,NULL,NULL,NULL,'75','25',NULL),(475,'0000-00-00 00:00:00','','','','','','','','','','','',NULL,'',NULL,'','',NULL,'',NULL,NULL,NULL,NULL,NULL,'75','25',NULL),(476,'0000-00-00 00:00:00','','','','','','','','','','','',NULL,'',NULL,'','',NULL,'',NULL,NULL,NULL,NULL,NULL,'75','25',NULL),(477,'0000-00-00 00:00:00','','','','','','','','','','','',NULL,'JJP',NULL,'','',NULL,'',NULL,NULL,NULL,NULL,NULL,'','',NULL),(478,'0000-00-00 00:00:00','','','','','','','','','','','',NULL,'',NULL,'','',NULL,'',NULL,NULL,NULL,NULL,NULL,'75','25',NULL),(479,'0000-00-00 00:00:00','','','','','','','','','','','',NULL,'',NULL,'','',NULL,'',NULL,NULL,NULL,NULL,NULL,'75','25',NULL),(480,'0000-00-00 00:00:00','','','','','','','','','','','',NULL,'',NULL,'','',NULL,'',NULL,NULL,NULL,NULL,NULL,'75','25',NULL),(481,'0000-00-00 00:00:00','','','','','','','','','','','',NULL,'',NULL,'','',NULL,'',NULL,NULL,NULL,NULL,NULL,'75','25',NULL),(482,'0000-00-00 00:00:00','','','','','','','','','','','',NULL,'',NULL,'','',NULL,'',NULL,NULL,NULL,NULL,NULL,'75','25',NULL),(483,'0000-00-00 00:00:00','','','','','','','','','','','',NULL,'',NULL,'','',NULL,'',NULL,NULL,NULL,NULL,NULL,'75','25',NULL),(484,'0000-00-00 00:00:00','','','','','','','','','','','',NULL,'',NULL,'','',NULL,'',NULL,NULL,NULL,NULL,NULL,'75','25',NULL),(485,'0000-00-00 00:00:00','','','','','','','','','','','',NULL,'',NULL,'','',NULL,'',NULL,NULL,NULL,NULL,NULL,'75','25',NULL),(486,'0000-00-00 00:00:00','','','','','','','','','','','',NULL,'',NULL,'','',NULL,'',NULL,NULL,NULL,NULL,NULL,'75','25',NULL),(487,'0000-00-00 00:00:00','','','','','','','','','','','',NULL,'',NULL,'','',NULL,'',NULL,NULL,NULL,NULL,NULL,'75','25',NULL),(488,'0000-00-00 00:00:00','','','','','','','','','','','',NULL,'',NULL,'','',NULL,'',NULL,NULL,NULL,NULL,NULL,'75','25',NULL),(489,'0000-00-00 00:00:00','','','','','','','','','','','',NULL,'',NULL,'','',NULL,'',NULL,NULL,NULL,NULL,NULL,'75','25',NULL),(490,'0000-00-00 00:00:00','','','','','','','','','','','',NULL,'',NULL,'','',NULL,'',NULL,NULL,NULL,NULL,NULL,'75','25',NULL),(491,'0000-00-00 00:00:00','','','','','','','','','','','',NULL,'',NULL,'','',NULL,'',NULL,NULL,NULL,NULL,NULL,'75','25',NULL),(492,'0000-00-00 00:00:00','','','','','','','','','','','',NULL,'',NULL,'','',NULL,'',NULL,NULL,NULL,NULL,NULL,'75','25',NULL),(493,'0000-00-00 00:00:00','','','','','','','','','','','',NULL,'',NULL,'','',NULL,'',NULL,NULL,NULL,NULL,NULL,'0','25',NULL),(494,'0000-00-00 00:00:00','','','','','','','','','','','',NULL,'asd',NULL,'','',NULL,'',NULL,NULL,NULL,NULL,NULL,'','',NULL),(495,'0000-00-00 00:00:00','d','','','','','','','','','','',NULL,'JJP',NULL,'','','on','',NULL,NULL,NULL,NULL,NULL,'','',NULL),(496,'0000-00-00 00:00:00','','','','','','','','','','','',NULL,'JJP',NULL,'','','on','',NULL,NULL,NULL,NULL,NULL,'','',NULL),(497,'0000-00-00 00:00:00','','','','','','','','','','','',NULL,'asd',NULL,'','',NULL,'',NULL,NULL,NULL,NULL,NULL,'','',NULL),(498,'0000-00-00 00:00:00','hey','','','','','','','','','','',NULL,'sasdsadsad',NULL,'','',NULL,'',NULL,NULL,NULL,NULL,NULL,'50','','1'),(499,'0000-00-00 00:00:00','','','','','','','','','','','',NULL,'',NULL,'','',NULL,'',NULL,NULL,NULL,NULL,NULL,'','','1'),(500,'0000-00-00 00:00:00','','','','','','','','','','','',NULL,'',NULL,'','','on','',NULL,NULL,NULL,NULL,NULL,'','','1'),(501,'0000-00-00 00:00:00','','','','','','','','','','','',NULL,'132',NULL,'','',NULL,'',NULL,NULL,NULL,NULL,NULL,'','','1'),(502,'0000-00-00 00:00:00','','','','','','','','','','','',NULL,'132',NULL,'','',NULL,'',NULL,NULL,NULL,NULL,NULL,'','','1'),(503,'0000-00-00 00:00:00','','','','','','','','','','','',NULL,'',NULL,'','',NULL,'','on',NULL,NULL,NULL,NULL,'','',NULL),(504,'0000-00-00 00:00:00','','','','','','','','','','','',NULL,'',NULL,'',NULL,'on','',NULL,NULL,NULL,NULL,NULL,'','75',NULL),(505,'0000-00-00 00:00:00','','','','','','','','','','','',NULL,'',NULL,'','',NULL,'',NULL,NULL,NULL,NULL,NULL,'','',NULL),(506,'0000-00-00 00:00:00','','','','','','','','','','','',NULL,'111',NULL,'','',NULL,'',NULL,NULL,NULL,NULL,NULL,'','',NULL),(507,'0000-00-00 00:00:00','','','','','','','','','','','',NULL,'1',NULL,'','','on','',NULL,NULL,NULL,NULL,NULL,'','',NULL),(508,'0000-00-00 00:00:00','Hot Metal Street','','Ian Moffitt ','','','','','','','','',NULL,'1234',NULL,'','',NULL,'','on','on',NULL,'on',NULL,'25','75','1'),(509,'0000-00-00 00:00:00','','','','','','','','','','','',NULL,'123',NULL,'',NULL,NULL,'',NULL,NULL,NULL,NULL,NULL,'','',NULL),(510,'0000-00-00 00:00:00','','','','','','','','','','','',NULL,'',NULL,'','',NULL,'',NULL,NULL,NULL,NULL,NULL,'','',NULL),(511,'0000-00-00 00:00:00','','','','','','','','','','','',NULL,'',NULL,'','',NULL,NULL,NULL,NULL,NULL,NULL,NULL,'','',NULL),(512,'0000-00-00 00:00:00','123 Streetname Drive','','Snow White','Prince Charming','Rogue','','','','','February 24, 2014 10:00 pm','2.5 miles',NULL,'001',NULL,'','Sleepy','on','',NULL,NULL,NULL,NULL,NULL,'50','75','1'),(513,'0000-00-00 00:00:00','123 anywhere street, Pittsburgh pa 15237','20 mins','','','','','','','','April 12, 2014 2:00 am','40 ',NULL,'Test 123',NULL,'','John miller','on','',NULL,NULL,NULL,NULL,NULL,'25','50','1'),(514,'0000-00-00 00:00:00','','','','','','','','','','','',NULL,'',NULL,'','',NULL,'',NULL,NULL,NULL,NULL,NULL,'','',NULL),(515,'0000-00-00 00:00:00','','','','','','','','','','','',NULL,'',NULL,'','',NULL,'',NULL,NULL,NULL,NULL,NULL,'','',NULL),(516,'0000-00-00 00:00:00','','','','','','','','','','','',NULL,'',NULL,'','',NULL,'',NULL,NULL,NULL,NULL,NULL,'0','25',NULL),(517,'0000-00-00 00:00:00','','','','','','','','','','','',NULL,'',NULL,'','',NULL,'',NULL,NULL,'on',NULL,NULL,'','',NULL),(518,'0000-00-00 00:00:00','','','','','','','','','','','',NULL,'',NULL,'','',NULL,'',NULL,NULL,'on',NULL,NULL,'','',NULL),(519,'0000-00-00 00:00:00','','','','','','','','','','','',NULL,'',NULL,'','',NULL,'',NULL,NULL,NULL,NULL,NULL,'','',NULL),(520,'0000-00-00 00:00:00','','','','','','','','','','','',NULL,'',NULL,'','',NULL,'',NULL,NULL,NULL,NULL,NULL,'','',NULL),(521,'0000-00-00 00:00:00','','','','','','','','','','','',NULL,'',NULL,'','',NULL,'',NULL,NULL,NULL,NULL,NULL,'','',NULL),(522,'0000-00-00 00:00:00','','','','','','','','','','','',NULL,'',NULL,'','',NULL,'',NULL,NULL,NULL,NULL,NULL,'','',NULL),(523,'0000-00-00 00:00:00','','','','','','','','','','','',NULL,'',NULL,'','','on','',NULL,NULL,NULL,NULL,NULL,'','',NULL),(524,'0000-00-00 00:00:00','','','','','','','','','','','',NULL,'',NULL,'','',NULL,'',NULL,NULL,NULL,NULL,NULL,'','',NULL),(525,'0000-00-00 00:00:00','','','','','','','','','','','',NULL,'',NULL,'','',NULL,'',NULL,NULL,NULL,'on',NULL,'','',NULL),(526,'0000-00-00 00:00:00','','','','','','','','','','','',NULL,'',NULL,'','','on','',NULL,NULL,NULL,'on',NULL,'','',NULL),(527,'0000-00-00 00:00:00','','','','','','','','','','','',NULL,'',NULL,'','','on','',NULL,NULL,NULL,NULL,NULL,'','',NULL),(528,'0000-00-00 00:00:00','','','','','','','','','','','',NULL,'',NULL,'','','on','',NULL,NULL,NULL,NULL,NULL,'','',NULL),(529,'0000-00-00 00:00:00','','','','','','','','','','','',NULL,'',NULL,'','',NULL,'',NULL,NULL,NULL,NULL,NULL,'','',NULL),(530,'0000-00-00 00:00:00','','','','','','','','','','','',NULL,'',NULL,'','','on','',NULL,NULL,NULL,NULL,NULL,'','',NULL),(531,'0000-00-00 00:00:00','','','','','','','','','','','',NULL,'',NULL,'','',NULL,'',NULL,NULL,NULL,NULL,NULL,'','',NULL),(532,'0000-00-00 00:00:00','','','','','','','','','','','',NULL,'',NULL,'','',NULL,'',NULL,NULL,NULL,'on',NULL,'','',NULL),(533,'0000-00-00 00:00:00','','','','','','','','','','','',NULL,'',NULL,'','','on','',NULL,NULL,NULL,NULL,NULL,'','',NULL),(534,'0000-00-00 00:00:00','','','','','','','','','','','',NULL,'',NULL,'','','on','',NULL,NULL,NULL,NULL,NULL,'','',NULL),(535,'0000-00-00 00:00:00','','','','','','','','','','','',NULL,'',NULL,'','','on','',NULL,NULL,NULL,NULL,NULL,'','50',NULL),(536,'0000-00-00 00:00:00','','','','','','','','','','','',NULL,'',NULL,'','','on','',NULL,NULL,NULL,NULL,NULL,'','',NULL),(537,'0000-00-00 00:00:00','','','','','','','','','','','',NULL,'',NULL,'','',NULL,'',NULL,NULL,NULL,NULL,NULL,'','',NULL),(538,'0000-00-00 00:00:00','','','','','','','','','','','',NULL,'',NULL,'','',NULL,'',NULL,NULL,NULL,NULL,NULL,'','',NULL),(539,'0000-00-00 00:00:00','','','','','','','','','','','',NULL,'',NULL,'','',NULL,'',NULL,NULL,NULL,NULL,NULL,'','50','1'),(540,'0000-00-00 00:00:00','','','','','','','','','','','',NULL,'',NULL,'','',NULL,'',NULL,NULL,NULL,NULL,NULL,'','',NULL),(541,'0000-00-00 00:00:00','','','','','','','','','','','',NULL,'',NULL,'','','on','',NULL,NULL,NULL,NULL,NULL,'','',NULL),(542,'0000-00-00 00:00:00','','','','','','','','','','','',NULL,'',NULL,'','','on','',NULL,NULL,NULL,NULL,NULL,'','',NULL),(543,'0000-00-00 00:00:00','','','','','','','','','','','',NULL,'',NULL,'','',NULL,'','on',NULL,NULL,NULL,NULL,'','50',NULL),(544,'0000-00-00 00:00:00','','','','','','','','','','','',NULL,'',NULL,'','',NULL,'',NULL,NULL,NULL,NULL,NULL,'','50',NULL),(545,'0000-00-00 00:00:00','','','','','','','','','','','',NULL,'',NULL,'','','on','',NULL,NULL,'on',NULL,NULL,'','',NULL),(546,'0000-00-00 00:00:00','','','','','','','','','','','',NULL,'',NULL,'','','on','',NULL,NULL,NULL,NULL,NULL,'','',NULL),(547,'0000-00-00 00:00:00','','','','','','','','','','','',NULL,'',NULL,'','',NULL,'','on',NULL,NULL,NULL,NULL,'','',NULL),(548,'0000-00-00 00:00:00','','','','','','','','','','','',NULL,'',NULL,'','','on','','on',NULL,NULL,NULL,NULL,'','',NULL),(549,'0000-00-00 00:00:00','','','','','','','','','','','',NULL,'',NULL,'','',NULL,'','on',NULL,NULL,NULL,NULL,'','',NULL),(550,'0000-00-00 00:00:00','','','','','','','','','','','',NULL,'',NULL,'','','on','','on',NULL,NULL,NULL,NULL,'','',NULL),(551,'0000-00-00 00:00:00','adsa','','Ryan Sprake','Ryan Sprake','','','','','','','',NULL,'ddsa',NULL,'','',NULL,'','on','on','on',NULL,NULL,'','',NULL),(552,'0000-00-00 00:00:00','adsa','','','','','','','','','','',NULL,'ddsa',NULL,'','',NULL,'',NULL,NULL,NULL,NULL,NULL,'','',NULL),(553,'0000-00-00 00:00:00','','','','','','ryan','','sprake','','','',NULL,'',NULL,'','','on','','on',NULL,NULL,NULL,NULL,'','',NULL),(554,'0000-00-00 00:00:00','','','','','','ryan','','sprake','','','',NULL,'',NULL,'','','on','','on',NULL,NULL,NULL,NULL,'','',NULL),(555,'0000-00-00 00:00:00','','','','','','adsasd','','asdadsda','','','',NULL,'asdasd',NULL,'','','on','','on',NULL,NULL,NULL,NULL,'','',NULL),(556,'0000-00-00 00:00:00','','','','','','adsasd','','','','','',NULL,'asdasd',NULL,'','',NULL,'',NULL,NULL,NULL,NULL,NULL,'','',NULL),(557,'0000-00-00 00:00:00','','','','','','','','','','','',NULL,'',NULL,'','',NULL,'','on',NULL,NULL,NULL,NULL,'','',NULL),(558,'0000-00-00 00:00:00','','','','','','','','','','','',NULL,'',NULL,'','',NULL,'',NULL,NULL,NULL,NULL,NULL,'','',NULL),(559,'0000-00-00 00:00:00','','','','','','','','','','','',NULL,'',NULL,'','','on','',NULL,NULL,NULL,NULL,NULL,'','',NULL),(560,'0000-00-00 00:00:00','','','','','','','','','','','',NULL,'',NULL,'','','on','',NULL,NULL,NULL,NULL,NULL,'','',NULL),(561,'0000-00-00 00:00:00','','','','','','','','','','','',NULL,'',NULL,'','',NULL,'','on',NULL,NULL,NULL,NULL,'','',NULL),(562,'0000-00-00 00:00:00','','','','','','','','','','','',NULL,'',NULL,'','','on','','on',NULL,NULL,NULL,NULL,'','',NULL),(563,'0000-00-00 00:00:00','','','','','','','','','','','',NULL,'',NULL,'','',NULL,'',NULL,NULL,NULL,NULL,NULL,'','',NULL),(564,'0000-00-00 00:00:00','','','','','','','','','','','',NULL,'',NULL,'','',NULL,'',NULL,NULL,NULL,NULL,NULL,'','',NULL),(565,'0000-00-00 00:00:00','','','','','','','','','','','',NULL,'',NULL,'','',NULL,'',NULL,NULL,NULL,NULL,NULL,'','',NULL),(566,'0000-00-00 00:00:00','','','','','','','','','','','',NULL,'dadddsadsad',NULL,'','','on','','on',NULL,NULL,NULL,NULL,'','',NULL),(567,'0000-00-00 00:00:00','','','','','','','','','','','',NULL,'',NULL,'','','on','','on',NULL,NULL,NULL,NULL,'','',NULL),(568,'0000-00-00 00:00:00','','','','','','','','','','','',NULL,'',NULL,'','','on','',NULL,NULL,NULL,NULL,NULL,'','',NULL),(569,'0000-00-00 00:00:00','','','','','','','','','','','',NULL,'',NULL,'','','on','','on',NULL,NULL,NULL,NULL,'','',NULL),(570,'0000-00-00 00:00:00','','','','','','','','','','','',NULL,'',NULL,'','','on','',NULL,NULL,NULL,NULL,NULL,'','',NULL),(571,'0000-00-00 00:00:00','','','','','','','','','','','',NULL,'',NULL,'','','on','',NULL,NULL,NULL,NULL,NULL,'','',NULL),(572,'0000-00-00 00:00:00','','','','','','','','','','','',NULL,'',NULL,'','','on','',NULL,NULL,NULL,NULL,NULL,'','',NULL),(573,'0000-00-00 00:00:00','','','','','','','','','','','',NULL,'',NULL,'','','on','',NULL,NULL,NULL,NULL,NULL,'','',NULL),(574,'0000-00-00 00:00:00','','','','','','','','','','','',NULL,'daddd',NULL,'','','on','','on',NULL,NULL,NULL,NULL,'','',NULL),(575,'0000-00-00 00:00:00','','','','','','','','','','','',NULL,'',NULL,'','','on','',NULL,NULL,NULL,NULL,NULL,'','',NULL),(576,'0000-00-00 00:00:00','','','','','','','','','','','',NULL,'1',NULL,'','',NULL,'',NULL,NULL,NULL,NULL,NULL,'','',NULL);
/*!40000 ALTER TABLE `Reports` ENABLE KEYS */;
UNLOCK TABLES;
/*!40103 SET TIME_ZONE=@OLD_TIME_ZONE */;

/*!40101 SET SQL_MODE=@OLD_SQL_MODE */;
/*!40014 SET FOREIGN_KEY_CHECKS=@OLD_FOREIGN_KEY_CHECKS */;
/*!40014 SET UNIQUE_CHECKS=@OLD_UNIQUE_CHECKS */;
/*!40101 SET CHARACTER_SET_CLIENT=@OLD_CHARACTER_SET_CLIENT */;
/*!40101 SET CHARACTER_SET_RESULTS=@OLD_CHARACTER_SET_RESULTS */;
/*!40101 SET COLLATION_CONNECTION=@OLD_COLLATION_CONNECTION */;
/*!40111 SET SQL_NOTES=@OLD_SQL_NOTES */;

-- Dump completed on 2015-01-02 21:00:40
